"","event","ID","start_time","end_time","event_sum_mm","MI10_mmhr","MI20_mmhr","MI30_mmhr","MI60_mmhr","duration_hr","endtime_plus12","starttime_minus1","datetime_maxstage","Stage_cm_max","site","stage_rise_cm","crossover","response","lag2p_hr","response_manual","month"
"1",23,"me",2021-07-20 17:00:00,2021-07-20 18:30:00,2.49550731579463,3.84123594760894,3.49322603940963,2.32881735960642,1.47351852456729,1.5,2021-07-21 00:30:00,2021-07-20 16:00:00,2021-07-20 20:35:00,-5.7,"me",0.0999999999999996,"N","N",NA,"N",7
"2",24,"me",2021-07-21 12:20:00,2021-07-21 12:40:00,1.64378847877184,3.93069713115692,3.87149800062179,3.28757695754369,1.64378847877184,0.333333333333333,2021-07-21 18:40:00,2021-07-21 11:20:00,2021-07-21 17:25:00,-5.7,"me",0,"N","N",NA,"N",7
"3",25,"me",2021-07-23 12:40:00,2021-07-23 13:00:00,1.65318431456884,3.90794379711151,3.60172241926193,3.30636862913767,1.65318431456884,0.333333333333333,2021-07-23 19:00:00,2021-07-23 11:40:00,2021-07-23 13:45:00,-5.1,"me",0.6,"N","N",NA,"N",7
"4",26,"me",2021-07-31 12:50:00,2021-07-31 14:00:00,2.6249123086532,5.45133233070373,4.38566650152206,3.69678377310435,2.21555192768574,1.16666666666667,2021-07-31 20:00:00,2021-07-31 11:50:00,2021-07-31 19:30:00,-5.5,"me",0.0999999999999996,"N","N",NA,"N",7
"5",27,"me",2021-08-03 09:40:00,2021-08-03 19:00:00,11.790581731995,8.31885228157043,8.21001629829406,8.05694969495137,6.45509090820948,9.33333333333333,2021-08-04 01:00:00,2021-08-03 08:40:00,2021-08-03 10:55:00,29.6,"me",35.2,"N","Y",1.25,"Y",8
"6",28,"me",2021-08-06 18:20:00,2021-08-06 19:50:00,4.8953727717201,14.7211659908295,10.1670933768153,6.77806225121022,3.38903112560511,1.5,2021-08-07 01:50:00,2021-08-06 17:20:00,2021-08-06 17:30:00,8,"me",0,"N","N",NA,"N",8
"7",29,"me",2021-08-14 18:10:00,2021-08-14 18:30:00,1.98149736523628,5.99891750812531,4.34607092738152,3.96299473047257,1.98149736523628,0.333333333333333,2021-08-15 00:30:00,2021-08-14 17:10:00,2021-08-14 17:15:00,10.3,"me",0,"N","N",NA,"N",8
"8",30,"me",2021-08-18 14:00:00,2021-08-18 19:30:00,6.51411491880814,14.6520274162292,9.58594135642051,7.53464384476344,4.83081260224183,5.5,2021-08-19 01:30:00,2021-08-18 13:00:00,2021-08-18 13:20:00,11.9,"me",0.200000000000001,"N","N",NA,"N",8
"9",31,"me",2021-08-19 17:00:00,2021-08-19 17:10:00,2.27793525159359,7.16290187835693,6.83380575478077,4.55587050318718,2.27793525159359,0.166666666666667,2021-08-19 23:10:00,2021-08-19 16:00:00,2021-08-19 16:00:00,11.3,"me",0,"N","N",NA,"N",8
"10",32,"me",2021-08-26 21:00:00,2021-08-26 21:20:00,1.1811259607474,2.71197817325592,2.59752750992775,2.3622519214948,1.1811259607474,0.333333333333333,2021-08-27 03:20:00,2021-08-26 20:00:00,2021-08-26 20:50:00,9.3,"me",0.4,"N","N",NA,"N",8
"11",33,"me",2021-09-01 18:10:00,2021-09-01 18:20:00,1.3447891831398,5.3255469083786,4.0343675494194,2.6895783662796,1.3447891831398,0.166666666666667,2021-09-02 00:20:00,2021-09-01 17:10:00,2021-09-01 17:10:00,10.2,"me",0,"N","N",NA,"N",9
"12",34,"me",2021-09-03 11:00:00,2021-09-03 15:50:00,4.58852536243697,6.71843328475952,5.92540199160575,4.81848782300949,2.40924391150474,4.83333333333333,2021-09-03 21:50:00,2021-09-03 10:00:00,2021-09-03 15:25:00,10.9,"me",0,"N","N",NA,"N",9
"13",35,"me",2021-09-12 13:50:00,2021-09-12 14:00:00,5.29015557256838,18.4634890794754,15.8704667177051,10.5803111451368,5.29015557256838,0.166666666666667,2021-09-12 20:00:00,2021-09-12 12:50:00,2021-09-12 16:00:00,10.5,"me",0.6,"N","N",NA,"N",9
"14",36,"me",2021-09-13 22:20:00,2021-09-13 22:30:00,5.63028498043617,19.1651632070541,16.8908549413085,11.2605699608723,5.63028498043617,0.166666666666667,2021-09-14 04:30:00,2021-09-13 21:20:00,2021-09-14 01:35:00,8.2,"me",0,"N","N",NA,"N",9
"15",37,"me",2021-09-19 23:30:00,2021-09-19 23:50:00,1.28361292680105,2.91971762180329,2.65890148878098,2.56722585360209,1.28361292680105,0.333333333333333,2021-09-20 05:50:00,2021-09-19 22:30:00,2021-09-19 22:40:00,7.4,"me",0,"N","N",NA,"N",9
"16",38,"me",2021-09-29 07:10:00,2021-09-29 15:40:00,5.4406801233689,5.00838599205017,3.7182535558939,3.26430564125379,1.63215282062689,8.5,2021-09-29 21:40:00,2021-09-29 06:10:00,2021-09-29 11:05:00,7.7,"me",0.7,"N","N",NA,"N",9
"17",51,"me",2022-06-03 13:20:00,2022-06-03 13:30:00,4.90187173684438,18.9435984134674,14.7056152105332,9.80374347368877,4.90187173684438,0.166666666666667,2022-06-03 19:30:00,2022-06-03 12:20:00,2022-06-03 12:35:00,10.9,"me",0.0999999999999996,"N","N",NA,"N",6
"18",52,"me",2022-06-06 15:10:00,2022-06-06 15:40:00,2.04734086592992,4.07502503395081,3.48756351470948,3.32819292545319,2.04734086592992,0.5,2022-06-06 21:40:00,2022-06-06 14:10:00,2022-06-06 16:00:00,10.6,"me",1.1,"N","N",NA,"N",6
"19",53,"me",2022-06-07 01:10:00,2022-06-07 01:20:00,2.42800795808435,9.45730859041214,7.28402387425304,4.85601591616869,2.42800795808435,0.166666666666667,2022-06-07 07:20:00,2022-06-07 00:10:00,2022-06-07 07:20:00,11.1,"me",2,"N","N",NA,"N",6
"20",54,"me",2022-06-17 16:50:00,2022-06-17 17:30:00,4.47700414657593,8.1381073474884,6.90350682735443,6.35311845143636,4.47700414657593,0.666666666666667,2022-06-17 23:30:00,2022-06-17 15:50:00,2022-06-17 17:40:00,10,"me",0.4,"N","N",NA,"N",6
"21",55,"me",2022-06-19 13:30:00,2022-06-19 14:10:00,1.89414878388246,3.59544670581818,3.03406495451927,2.02270996967952,1.89414878388246,0.666666666666667,2022-06-19 20:10:00,2022-06-19 12:30:00,2022-06-19 17:50:00,7.6,"me",0.0999999999999996,"N","N",NA,"N",6
"22",56,"me",2022-06-26 13:30:00,2022-06-26 16:50:00,8.46368211309115,11.4059287071228,10.3217608451843,8.61589799722037,6.2539181937774,3.33333333333333,2022-06-26 22:50:00,2022-06-26 12:30:00,2022-06-26 16:00:00,8,"me",0.9,"N","N",NA,"N",6
"23",57,"me",2022-06-30 20:10:00,2022-06-30 20:30:00,1.15579292575518,3.13378314971923,2.55531606674194,2.31158585151036,1.15579292575518,0.333333333333333,2022-07-01 02:30:00,2022-06-30 19:10:00,2022-07-01 00:15:00,7.3,"me",0.3,"N","N",NA,"N",6
"24",58,"me",2022-07-01 19:10:00,2022-07-01 19:30:00,5.78553052941958,26.9331768035889,15.7263767540455,11.5710610588392,5.78553052941958,0.333333333333333,2022-07-02 01:30:00,2022-07-01 18:10:00,2022-07-01 20:20:00,7.6,"me",0.3,"N","N",NA,"N",7
"25",59,"me",2022-07-03 13:20:00,2022-07-03 18:30:00,2.18278719385465,4.55482594966888,4.37074418067931,3.66024513244629,1.83012256622314,5.16666666666667,2022-07-04 00:30:00,2022-07-03 12:20:00,2022-07-03 15:25:00,8.3,"me",0.800000000000001,"N","N",NA,"N",7
"26",60,"me",2022-07-05 09:30:00,2022-07-05 21:10:00,14.6060911441843,9.24279341697692,7.801318192482,6.93022146224976,5.77040943702062,11.6666666666667,2022-07-06 03:10:00,2022-07-05 08:30:00,2022-07-05 15:20:00,8.5,"me",0.6,"N","N",NA,"N",7
"27",61,"me",2022-07-06 13:40:00,2022-07-06 14:40:00,8.37668271102011,33.356132888794,19.9754022359848,15.1814625270665,7.98206046260893,1,2022-07-06 20:40:00,2022-07-06 12:40:00,2022-07-06 15:15:00,12.8,"me",5.1,"N","Y",1.58333333333333,"Y",7
"28",62,"me",2022-07-07 10:40:00,2022-07-07 11:00:00,2.26377319966753,6.39627969264984,5.69384500384331,4.52754639933507,2.26377319966753,0.333333333333333,2022-07-07 17:00:00,2022-07-07 09:40:00,2022-07-07 15:00:00,7.1,"me",0.0999999999999996,"N","N",NA,"N",7
"29",63,"me",2022-07-08 17:20:00,2022-07-08 17:50:00,9.52233633995056,26.2049028396606,24.1835722446442,17.732982802391,9.52233633995056,0.5,2022-07-08 23:50:00,2022-07-08 16:20:00,2022-07-08 16:20:00,6.8,"me",0,"N","N",NA,"N",7
"30",64,"me",2022-07-13 17:50:00,2022-07-13 18:40:00,2.43261954585711,2.75828131437301,2.62904701828956,2.62024118502935,2.43261954585711,0.833333333333333,2022-07-14 00:40:00,2022-07-13 16:50:00,2022-07-13 17:15:00,6.2,"me",0,"N","N",NA,"N",7
"31",65,"me",2022-07-14 20:30:00,2022-07-14 21:00:00,2.01385545929273,3.76108024120331,3.58056418895721,3.23438887198766,2.01385545929273,0.5,2022-07-15 03:00:00,2022-07-14 19:30:00,2022-07-15 00:00:00,22,"me",16,"N","Y",NA,"N",7
"32",66,"me",2022-07-15 12:40:00,2022-07-15 23:20:00,28.8155884727836,58.9469245910644,38.3816653728485,30.5269354661306,15.2634677330653,10.6666666666667,2022-07-16 05:20:00,2022-07-15 11:40:00,2022-07-15 16:45:00,33.9,"me",27.3,"N","Y",4.08333333333333,"Y",7
"33",67,"me",2022-07-16 13:50:00,2022-07-16 16:10:00,11.3425876478354,16.4455229878425,16.3554078519344,12.2909484664599,6.98857383131981,2.33333333333333,2022-07-16 22:10:00,2022-07-16 12:50:00,2022-07-16 14:25:00,22.5,"me",0.800000000000001,"N","N",NA,"N",7
"34",68,"me",2022-07-20 18:30:00,2022-07-20 18:40:00,1.20397150615851,5.10495109558105,3.61191451847553,2.40794301231702,1.20397150615851,0.166666666666667,2022-07-21 00:40:00,2022-07-20 17:30:00,2022-07-20 19:55:00,16.4,"me",0.0999999999999979,"N","N",NA,"N",7
"35",69,"me",2022-07-24 11:20:00,2022-07-24 14:40:00,4.5647390405337,16.0093946456909,10.0109595060348,7.81033473412196,4.20865777134895,3.33333333333333,2022-07-24 20:40:00,2022-07-24 10:20:00,2022-07-24 15:05:00,19.1,"me",2.4,"N","Y",3.75,"Y",7
"36",70,"me",2022-07-27 17:50:00,2022-07-27 20:00:00,16.8913905921082,68.419980430603,48.4270753599703,33.142633973062,16.571316986531,2.16666666666667,2022-07-28 02:00:00,2022-07-27 16:50:00,2022-07-27 20:05:00,108.2,"me",93.1,"N","Y",2.25,"Y",7
"37",71,"me",2022-08-01 14:20:00,2022-08-01 15:20:00,2.56775472859541,3.04279310703278,2.91747448146343,2.590499573946,2.21540700495243,1,2022-08-01 21:20:00,2022-08-01 13:20:00,2022-08-01 14:55:00,18.4,"me",0.599999999999998,"N","N",NA,"N",8
"38",72,"me",2022-08-05 11:20:00,2022-08-05 15:20:00,5.2504928201437,4.99535629749299,4.24256622791291,3.93669187823932,3.41409566601118,4,2022-08-05 21:20:00,2022-08-05 10:20:00,2022-08-05 12:40:00,8.9,"me",0.300000000000001,"N","N",NA,"N",8
"39",73,"me",2022-08-13 13:00:00,2022-08-13 17:40:00,3.68914539019266,3.10247863531112,2.90188427567481,2.48980894486109,2.13682243824005,4.66666666666667,2022-08-13 23:40:00,2022-08-13 12:00:00,2022-08-13 12:20:00,7.7,"me",0,"N","N",NA,"N",8
"40",74,"me",2022-08-14 18:40:00,2022-08-14 23:30:00,4.37631436015169,5.30739517211915,4.96988329887391,4.71341754595439,3.47392474909623,4.83333333333333,2022-08-15 05:30:00,2022-08-14 17:40:00,2022-08-15 00:00:00,72.2,"me",65,"N","Y",NA,"N",8
"41",75,"me",2022-08-15 11:20:00,2022-08-15 19:10:00,31.015443708996,31.0602462768555,21.3466700792313,17.0198585271835,10.9617911577225,7.83333333333333,2022-08-16 01:10:00,2022-08-15 10:20:00,2022-08-15 13:30:00,112.6,"me",105,"N","Y",2.16666666666667,"Y",8
"42",76,"me",2022-08-21 10:30:00,2022-08-21 11:10:00,2.59012617170811,4.86474900245666,4.27920207977295,4.03318246006966,2.59012617170811,0.666666666666667,2022-08-21 17:10:00,2022-08-21 09:30:00,2022-08-21 16:55:00,79,"me",0.799999999999997,"N","N",NA,"N",8
"43",77,"me",2022-08-23 14:10:00,2022-08-23 14:30:00,2.45006189544996,6.10414392948151,5.86138280630112,4.90012379089991,2.45006189544996,0.333333333333333,2022-08-23 20:30:00,2022-08-23 13:10:00,2022-08-23 15:25:00,80.9,"me",1.2,"N","N",NA,"N",8
"44",78,"me",2022-08-24 13:50:00,2022-08-24 15:00:00,8.74155239562194,12.4574184894562,11.5856193780899,10.8479168017705,8.02701286872229,1.16666666666667,2022-08-24 21:00:00,2022-08-24 12:50:00,2022-08-24 13:05:00,81.8,"me",0.0999999999999943,"N","N",NA,"N",8
"45",79,"me",2022-08-25 11:30:00,2022-08-25 14:00:00,2.16232463717461,6.58023338317871,3.29011669158936,2.19341112772624,1.09670556386312,2.5,2022-08-25 20:00:00,2022-08-25 10:30:00,2022-08-25 12:50:00,82,"me",0.400000000000006,"N","N",NA,"N",8
"46",80,"me",2022-08-26 11:50:00,2022-08-26 16:10:00,3.44045240481694,9.91079757213592,6.9356880068779,5.42780841191609,2.71390420595805,4.33333333333333,2022-08-26 22:10:00,2022-08-26 10:50:00,2022-08-26 11:30:00,81.8,"me",0.0999999999999943,"N","N",NA,"N",8
"47",81,"me",2022-08-28 15:00:00,2022-08-28 15:30:00,2.07105582356453,5.5007271528244,5.20248419046402,3.46832279364268,2.07105582356453,0.5,2022-08-28 21:30:00,2022-08-28 14:00:00,2022-08-28 14:00:00,83.5,"me",0,"N","N",NA,"N",8
"48",82,"me",2022-09-14 12:30:00,2022-09-14 16:50:00,6.65434803366661,5.16697168350219,4.80900275707245,4.59114658037821,4.48024438222249,4.33333333333333,2022-09-14 22:50:00,2022-09-14 11:30:00,2022-09-14 15:00:00,80.8,"me",1.09999999999999,"N","N",NA,"N",9
"49",83,"me",2022-09-16 12:00:00,2022-09-16 12:10:00,1.98353133400281,7.45806965827942,5.95059400200844,3.96706266800562,1.98353133400281,0.166666666666667,2022-09-16 18:10:00,2022-09-16 11:00:00,2022-09-16 14:00:00,79.7,"me",1.2,"N","N",NA,"N",9
"50",84,"me",2022-09-21 14:10:00,2022-09-21 18:10:00,7.95864267547925,6.1647768497467,5.48898520469666,5.06271079381307,4.92425857385,4,2022-09-22 00:10:00,2022-09-21 13:10:00,2022-09-21 14:00:00,75.9,"me",0,"N","N",NA,"N",9
"51",85,"me",2022-09-27 11:20:00,2022-09-27 16:00:00,3.33981432418028,5.26881733536721,3.77260538935661,3.35827651023864,1.67913825511932,4.66666666666667,2022-09-27 22:00:00,2022-09-27 10:20:00,2022-09-27 11:00:00,79.9,"me",0,"N","N",NA,"N",9
"52",25,"mm",2021-07-20 17:00:00,2021-07-20 18:10:00,1.93346433242162,2.88296320438385,2.78447786569595,2.0106100877126,1.26147396961848,1.16666666666667,2021-07-21 00:10:00,2021-07-20 16:00:00,2021-07-21 00:10:00,-5.6,"mm",0,"N","N",NA,"N",7
"53",26,"mm",2021-07-23 12:40:00,2021-07-23 13:00:00,1.1983246088028,2.81066632270813,2.67846064567566,2.39664921760559,1.1983246088028,0.333333333333333,2021-07-23 19:00:00,2021-07-23 11:40:00,2021-07-23 19:00:00,-5.6,"mm",0,"N","N",NA,"N",7
"54",27,"mm",2021-07-31 13:30:00,2021-07-31 14:20:00,2.64859164158503,6.26561994552612,4.57633383274078,3.9029843489329,2.64859164158503,0.833333333333333,2021-07-31 20:20:00,2021-07-31 12:30:00,2021-07-31 14:10:00,-5.4,"mm",0.199999999999999,"N","N",NA,"N",7
"55",28,"mm",2021-08-03 09:30:00,2021-08-03 18:50:00,12.8821686863899,9.1756763458252,8.63925251960755,8.22343877156576,7.20538272062937,9.33333333333333,2021-08-04 00:50:00,2021-08-03 08:30:00,2021-08-03 10:20:00,22.1,"mm",27.7,"N","Y",0.833333333333333,"Y",8
"56",29,"mm",2021-08-06 18:20:00,2021-08-06 19:40:00,4.03038449486097,17.7603309035301,11.039619846642,7.35974656442801,3.679873282214,1.33333333333333,2021-08-07 01:40:00,2021-08-06 17:20:00,2021-08-06 18:25:00,16,"mm",15.4,"N","Y",0.0833333333333333,"Y",8
"57",30,"mm",2021-08-14 18:20:00,2021-08-14 18:30:00,1.38672809998194,4.90090005397797,4.16018429994583,2.77345619996389,1.38672809998194,0.166666666666667,2021-08-15 00:30:00,2021-08-14 17:20:00,2021-08-15 00:30:00,-2.5,"mm",0,"N","N",NA,"N",8
"58",31,"mm",2021-08-18 14:10:00,2021-08-18 19:30:00,3.69560121297836,7.13972415924072,6.82339099645614,4.54892733097076,2.27446366548538,5.33333333333333,2021-08-19 01:30:00,2021-08-18 13:10:00,2021-08-19 01:30:00,-2.5,"mm",0.1,"N","N",NA,"N",8
"59",32,"mm",2021-08-19 17:00:00,2021-08-19 17:10:00,2.65528186162313,8.3210244178772,7.96584558486939,5.31056372324626,2.65528186162313,0.166666666666667,2021-08-19 23:10:00,2021-08-19 16:00:00,2021-08-19 23:10:00,-2.5,"mm",0,"N","N",NA,"N",8
"60",33,"mm",2021-09-01 18:10:00,2021-09-01 18:20:00,1.15609105825424,4.22232582569122,3.46827317476272,2.31218211650848,1.15609105825424,0.166666666666667,2021-09-02 00:20:00,2021-09-01 17:10:00,2021-09-02 00:20:00,-4.2,"mm",0.3,"N","N",NA,"N",9
"61",34,"mm",2021-09-02 17:20:00,2021-09-02 18:00:00,1.76269546151161,2.6291081905365,2.29737125635147,2.1453467965126,1.76269546151161,0.666666666666667,2021-09-03 00:00:00,2021-09-02 16:20:00,2021-09-03 00:00:00,-4.2,"mm",0.3,"N","N",NA,"N",9
"62",35,"mm",2021-09-03 11:00:00,2021-09-03 13:10:00,2.62635623812675,4.84273500442504,4.2091763973236,3.50867495536804,1.75433747768402,2.16666666666667,2021-09-03 19:10:00,2021-09-03 10:00:00,2021-09-03 15:15:00,-3.8,"mm",0.3,"N","N",NA,"N",9
"63",36,"mm",2021-09-12 13:50:00,2021-09-12 14:00:00,4.67858404318492,17.1567413806915,14.0357521295548,9.35716808636984,4.67858404318492,0.166666666666667,2021-09-12 20:00:00,2021-09-12 12:50:00,2021-09-12 14:50:00,0.7,"mm",5.6,"N","Y",1,"Y",9
"64",37,"mm",2021-09-13 22:20:00,2021-09-13 22:30:00,4.13204112052918,17.2420728445053,12.3961233615875,8.26408224105836,4.13204112052918,0.166666666666667,2021-09-14 04:30:00,2021-09-13 21:20:00,2021-09-14 03:05:00,0,"mm",0,"N","N",NA,"N",9
"65",38,"mm",2021-09-19 23:30:00,2021-09-19 23:50:00,1.23242627779643,2.57430696487427,2.50671775341034,2.46485255559285,1.23242627779643,0.333333333333333,2021-09-20 05:50:00,2021-09-19 22:30:00,2021-09-19 22:40:00,-0.5,"mm",0,"N","N",NA,"N",9
"66",39,"mm",2021-09-29 07:10:00,2021-09-29 15:40:00,5.46788974205653,4.60250329971314,3.63932986259461,3.07871045271556,1.74788283109665,8.5,2021-09-29 21:40:00,2021-09-29 06:10:00,2021-09-29 16:15:00,-0.9,"mm",0.3,"N","N",NA,"N",9
"67",52,"mm",2022-06-03 13:20:00,2022-06-03 13:30:00,7.6029319167137,25.0313392162323,22.8087957501411,15.2058638334274,7.6029319167137,0.166666666666667,2022-06-03 19:30:00,2022-06-03 12:20:00,2022-06-03 14:10:00,-2.4,"mm",0.3,"N","N",NA,"N",6
"68",53,"mm",2022-06-06 15:10:00,2022-06-06 15:40:00,2.41280429959297,4.77276232242585,3.90552667379379,4.05051483313242,2.41280429959297,0.5,2022-06-06 21:40:00,2022-06-06 14:10:00,2022-06-06 15:15:00,-2.3,"mm",0.2,"N","N",NA,"N",6
"69",54,"mm",2022-06-07 01:10:00,2022-06-07 01:20:00,2.042198518912,6.91174857616425,6.12659555673599,4.084397037824,2.042198518912,0.166666666666667,2022-06-07 07:20:00,2022-06-07 00:10:00,2022-06-07 01:30:00,-2.2,"mm",0.3,"N","N",NA,"N",6
"70",55,"mm",2022-06-17 12:00:00,2022-06-17 17:30:00,4.76568760474523,7.77547130584717,7.15872144699097,6.15643272399902,4.39995335737864,5.5,2022-06-17 23:30:00,2022-06-17 11:00:00,2022-06-17 21:40:00,-2.5,"mm",0.3,"N","N",NA,"N",6
"71",56,"mm",2022-06-19 13:30:00,2022-06-19 14:10:00,1.36735326846441,3.61076645851135,3.04142733812332,2.02761822541555,1.36735326846441,0.666666666666667,2022-06-19 20:10:00,2022-06-19 12:30:00,2022-06-19 19:05:00,-2.7,"mm",0.3,"N","N",NA,"N",6
"72",57,"mm",2022-06-26 13:30:00,2022-06-26 16:50:00,8.47383369604746,14.6560047149658,12.3410948753357,10.1533246358236,6.55759309927622,3.33333333333333,2022-06-26 22:50:00,2022-06-26 12:30:00,2022-06-26 19:10:00,-2.5,"mm",0.5,"N","N",NA,"N",6
"73",58,"mm",2022-07-01 19:10:00,2022-07-01 19:30:00,5.59552219907443,23.16807346344,14.6281794130802,11.1910443981489,5.59552219907443,0.333333333333333,2022-07-02 01:30:00,2022-07-01 18:10:00,2022-07-01 23:20:00,-2.5,"mm",0,"N","N",NA,"N",7
"74",59,"mm",2022-07-03 18:10:00,2022-07-03 18:30:00,1.84803107579549,4.46599531173706,4.13970611095428,3.69606215159098,1.84803107579549,0.333333333333333,2022-07-04 00:30:00,2022-07-03 17:10:00,2022-07-03 18:00:00,-2.5,"mm",0,"N","N",NA,"N",7
"75",60,"mm",2022-07-05 09:30:00,2022-07-06 06:00:00,14.4596141380568,8.42051820755005,7.11590466499328,6.45371494293213,5.25827093919118,20.5,2022-07-06 12:00:00,2022-07-05 08:30:00,2022-07-05 12:35:00,-2.5,"mm",0.1,"N","N",NA,"N",7
"76",61,"mm",2022-07-06 14:20:00,2022-07-06 14:40:00,5.96072601874669,27.165634727478,15.7875232100487,11.9214520374934,5.96072601874669,0.333333333333333,2022-07-06 20:40:00,2022-07-06 13:20:00,2022-07-06 14:50:00,17.9,"mm",20.5,"N","Y",0.5,"Y",7
"77",62,"mm",2022-07-07 10:40:00,2022-07-07 10:50:00,1.02296454906464,3.98125276565552,3.06889364719391,2.04592909812927,1.02296454906464,0.166666666666667,2022-07-07 16:50:00,2022-07-07 09:40:00,2022-07-07 09:40:00,6.1,"mm",0,"N","N",NA,"N",7
"78",63,"mm",2022-07-08 17:10:00,2022-07-08 17:50:00,14.4184669718146,35.7721160888671,34.2631881713867,25.71469715933,14.4184669718146,0.666666666666667,2022-07-08 23:50:00,2022-07-08 16:10:00,2022-07-08 18:45:00,1.3,"mm",1.8,"N","N",NA,"N",7
"79",64,"mm",2022-07-13 18:10:00,2022-07-13 18:40:00,1.73183487653732,3.13251328468323,2.7509880065918,2.68144143422445,1.73183487653732,0.5,2022-07-14 00:40:00,2022-07-13 17:10:00,2022-07-13 18:00:00,-0.4,"mm",0,"N","N",NA,"N",7
"80",65,"mm",2022-07-14 20:30:00,2022-07-14 21:00:00,1.95464373032252,4.13352036476136,3.62465391159058,3.20862904389699,1.95464373032252,0.5,2022-07-15 03:00:00,2022-07-14 19:30:00,2022-07-14 20:35:00,-1,"mm",0.1,"N","N",NA,"N",7
"81",66,"mm",2022-07-15 12:40:00,2022-07-15 23:20:00,30.4786167025566,75.003451538086,47.9249526023865,35.6657019535701,17.832850976785,10.6666666666667,2022-07-16 05:20:00,2022-07-15 11:40:00,2022-07-15 16:35:00,28.6,"mm",29.1,"N","Y",3.91666666666667,"Y",7
"82",67,"mm",2022-07-16 14:20:00,2022-07-16 16:10:00,9.72799354791641,17.1811235189438,16.8211580872536,11.2141053915024,6.78762331406275,1.83333333333333,2022-07-16 22:10:00,2022-07-16 13:20:00,2022-07-16 14:35:00,2.2,"mm",1.8,"N","N",NA,"N",7
"83",68,"mm",2022-07-20 18:30:00,2022-07-20 19:00:00,1.36945496499538,5.3105094909668,2.6552547454834,1.77016983032227,1.36945496499538,0.5,2022-07-21 01:00:00,2022-07-20 17:30:00,2022-07-20 18:55:00,-1,"mm",0,"N","N",NA,"N",7
"84",69,"mm",2022-07-22 20:20:00,2022-07-22 20:40:00,1.71474714676539,4.86943323612213,3.77458790540695,3.42949429353078,1.71474714676539,0.333333333333333,2022-07-23 02:40:00,2022-07-22 19:20:00,2022-07-22 23:45:00,-1.1,"mm",0,"N","N",NA,"N",7
"85",70,"mm",2022-07-23 19:10:00,2022-07-23 19:20:00,1.30459651947021,5.68561210632324,3.91378955841064,2.60919303894043,1.30459651947021,0.166666666666667,2022-07-24 01:20:00,2022-07-23 18:10:00,2022-07-24 01:15:00,-1.1,"mm",0.0999999999999999,"N","N",NA,"N",7
"86",71,"mm",2022-07-24 11:20:00,2022-07-24 14:40:00,3.09888681173325,9.44347915649415,6.62944219112397,5.15487264792125,2.57743632396062,3.33333333333333,2022-07-24 20:40:00,2022-07-24 10:20:00,2022-07-24 20:40:00,-1.1,"mm",0,"N","N",NA,"N",7
"87",72,"mm",2022-07-27 17:30:00,2022-07-27 20:00:00,17.7893890360991,67.1432090759278,42.9375648498535,33.0286003232002,16.5143001616001,2.5,2022-07-28 02:00:00,2022-07-27 16:30:00,2022-07-27 20:05:00,36.8,"mm",37.9,"N","Y",2.58333333333333,"Y",7
"88",73,"mm",2022-08-01 14:20:00,2022-08-01 15:20:00,2.8320858001709,3.08893303871155,2.81718299388885,2.51400491396586,2.40265865325928,1,2022-08-01 21:20:00,2022-08-01 13:20:00,2022-08-01 13:35:00,7.9,"mm",0.100000000000001,"N","N",NA,"N",8
"89",74,"mm",2022-08-05 11:20:00,2022-08-05 15:00:00,3.15062936544418,5.38377494812012,4.37399034500122,3.80888644854228,2.83694742123286,3.66666666666667,2022-08-05 21:00:00,2022-08-05 10:20:00,2022-08-05 13:00:00,8.2,"mm",0.199999999999999,"N","N",NA,"N",8
"90",75,"mm",2022-08-13 17:10:00,2022-08-13 17:30:00,1.23825819094976,3.00801191329956,2.76546704769135,2.47651638189952,1.23825819094976,0.333333333333333,2022-08-13 23:30:00,2022-08-13 16:10:00,2022-08-13 23:30:00,-1.5,"mm",0.1,"N","N",NA,"N",8
"91",76,"mm",2022-08-14 18:40:00,2022-08-14 23:40:00,4.32981480384866,5.44198236465454,5.01907391548157,4.86479241053263,3.35568535750111,5,2022-08-15 05:40:00,2022-08-14 17:40:00,2022-08-15 05:40:00,-1.5,"mm",0.1,"N","N",NA,"N",8
"92",77,"mm",2022-08-15 11:20:00,2022-08-15 19:10:00,25.7205016613007,13.4949712753296,12.9968833446503,11.111470413208,7.2520857334137,7.83333333333333,2022-08-16 01:10:00,2022-08-15 10:20:00,2022-08-15 21:55:00,57.6,"mm",58.7,"N","Y",3.333,"Y",8
"93",78,"mm",2022-08-21 10:20:00,2022-08-21 12:00:00,4.23635762532552,7.24684815406799,6.12315317392349,5.09166258970896,3.28913033803304,1.66666666666667,2022-08-21 18:00:00,2022-08-21 09:20:00,2022-08-21 18:00:00,57.9,"mm",0.100000000000001,"N","N",NA,"N",8
"94",79,"mm",2022-08-24 14:00:00,2022-08-24 15:00:00,7.50412787000338,18.7236679077148,14.2910665035248,11.4301975568136,7.19910526275635,1,2022-08-24 21:00:00,2022-08-24 13:00:00,2022-08-24 21:00:00,58.2,"mm",0.300000000000004,"N","N",NA,"N",8
"95",80,"mm",2022-08-25 11:30:00,2022-08-25 14:00:00,2.78201018174489,9.47358427047731,4.73679213523866,3.15786142349244,1.57893071174622,2.5,2022-08-25 20:00:00,2022-08-25 10:30:00,2022-08-25 20:00:00,58.2,"mm",0,"N","N",NA,"N",8
"96",81,"mm",2022-08-26 11:50:00,2022-08-26 16:00:00,2.34468931456407,7.23400983810425,5.12735505104065,4.03340216676394,2.01670108338197,4.16666666666667,2022-08-26 22:00:00,2022-08-26 10:50:00,2022-08-26 22:00:00,58.4,"mm",0.100000000000001,"N","N",NA,"N",8
"97",82,"mm",2022-08-28 15:00:00,2022-08-28 15:30:00,2.34747431874275,5.16435298919677,3.91694357395172,3.23408902883529,2.34747431874275,0.5,2022-08-28 21:30:00,2022-08-28 14:00:00,2022-08-28 21:30:00,58.6,"mm",0.399999999999999,"N","N",NA,"N",8
"98",83,"mm",2022-09-14 12:30:00,2022-09-14 17:00:00,6.45085440476736,5.77236757278443,4.59216771125794,4.22404211362203,4.21621768474579,4.5,2022-09-14 23:00:00,2022-09-14 11:30:00,2022-09-14 22:20:00,58.8,"mm",0.199999999999996,"N","N",NA,"N",9
"99",84,"mm",2022-09-16 12:00:00,2022-09-16 12:10:00,1.98564035892486,7.52829723358154,5.95692107677459,3.97128071784973,1.98564035892486,0.166666666666667,2022-09-16 18:10:00,2022-09-16 11:00:00,2022-09-16 18:10:00,58.8,"mm",0.0999999999999943,"N","N",NA,"N",9
"100",85,"mm",2022-09-21 14:00:00,2022-09-21 18:20:00,8.53927429318428,6.80533609390258,5.88150033950806,5.43750762939453,4.66371688842773,4.33333333333333,2022-09-22 00:20:00,2022-09-21 13:00:00,2022-09-21 21:55:00,58.9,"mm",0.100000000000001,"N","N",NA,"N",9
"101",86,"mm",2022-09-27 11:40:00,2022-09-27 16:10:00,3.49990729490917,7.91517333984377,6.57334969043733,5.32353797753653,3.04126295646032,4.5,2022-09-27 22:10:00,2022-09-27 10:40:00,2022-09-27 22:10:00,58.8,"mm",0.199999999999996,"N","N",NA,"N",9
"102",24,"mw",2021-07-20 16:50:00,2021-07-20 18:10:00,2.63111865719159,3.85511028766632,3.46749864220619,3.0750390013059,1.53751950065295,1.33333333333333,2021-07-21 00:10:00,2021-07-20 15:50:00,2021-07-21 00:10:00,-5.4,"mw",0,"N","N",NA,"N",7
"103",25,"mw",2021-07-21 12:20:00,2021-07-21 15:40:00,1.73803802877665,2.85270663499832,2.80282980203629,2.80202789604664,1.40101394802332,3.33333333333333,2021-07-21 21:40:00,2021-07-21 11:20:00,2021-07-21 21:40:00,-5.4,"mw",0,"N","N",NA,"N",7
"104",26,"mw",2021-07-23 12:40:00,2021-07-23 13:00:00,1.46223931908607,3.45941960811615,3.34799070954322,2.92447863817215,1.46223931908607,0.333333333333333,2021-07-23 19:00:00,2021-07-23 11:40:00,2021-07-23 19:00:00,-5.4,"mw",0,"N","N",NA,"N",7
"105",27,"mw",2021-07-31 12:10:00,2021-07-31 14:00:00,2.92678428565462,5.42324705123901,4.38289096355438,3.76298423608144,2.21316113745173,1.83333333333333,2021-07-31 20:00:00,2021-07-31 11:10:00,2021-07-31 17:30:00,-0.2,"mw",1.1,"N","N",NA,"N",7
"106",28,"mw",2021-08-03 09:30:00,2021-08-03 11:00:00,6.65752105514208,7.02819881439209,6.77978404760361,6.40451098283132,5.38396196365357,1.5,2021-08-03 17:00:00,2021-08-03 08:30:00,2021-08-03 10:25:00,11.6,"mw",12.1,"N","Y",0.916666666666667,"Y",8
"107",29,"mw",2021-08-03 18:20:00,2021-08-03 18:50:00,2.28977948029836,4.00042583942414,3.98002626895905,3.73744349479675,2.28977948029836,0.5,2021-08-04 00:50:00,2021-08-03 17:20:00,2021-08-04 00:50:00,2.4,"mw",1.2,"N","N",NA,"N",8
"108",30,"mw",2021-08-06 18:20:00,2021-08-06 19:50:00,5.66586288822193,20.3702687144279,11.7399435803294,7.82662905355294,3.91331452677647,1.5,2021-08-07 01:50:00,2021-08-06 17:20:00,2021-08-06 18:25:00,22.6,"mw",22.1,"N","Y",0.0833333333333333,"Y",8
"109",31,"mw",2021-08-14 18:10:00,2021-08-14 18:30:00,2.26627503037453,6.58327076435089,5.16714404225349,4.53255006074906,2.26627503037453,0.333333333333333,2021-08-15 00:30:00,2021-08-14 17:10:00,2021-08-14 17:45:00,-4.1,"mw",0,"N","N",NA,"N",8
"110",32,"mw",2021-08-17 18:20:00,2021-08-17 18:40:00,1.26346632639567,3.14360866546631,2.81446767449379,2.52693265279134,1.26346632639567,0.333333333333333,2021-08-18 00:40:00,2021-08-17 17:20:00,2021-08-17 22:10:00,-4.1,"mw",0.100000000000001,"N","N",NA,"N",8
"111",33,"mw",2021-08-18 14:10:00,2021-08-18 19:20:00,4.7321902051568,8.56593172550201,7.62454009652138,6.04482072790464,3.73369693060716,5.16666666666667,2021-08-19 01:20:00,2021-08-18 13:10:00,2021-08-19 01:20:00,-4,"mw",0.0999999999999996,"N","N",NA,"N",8
"112",34,"mw",2021-08-19 17:00:00,2021-08-19 17:10:00,2.1919457356135,7.81107206344603,6.57583720684051,4.38389147122701,2.1919457356135,0.166666666666667,2021-08-19 23:10:00,2021-08-19 16:00:00,2021-08-19 22:25:00,-4.1,"mw",0,"N","N",NA,"N",8
"113",35,"mw",2021-08-20 00:50:00,2021-08-20 01:10:00,1.28465145428975,2.83231045007706,2.73434183597564,2.56930290857951,1.28465145428975,0.333333333333333,2021-08-20 07:10:00,2021-08-19 23:50:00,2021-08-20 07:10:00,-4.2,"mw",0,"N","N",NA,"N",8
"114",36,"mw",2021-08-26 21:00:00,2021-08-26 21:20:00,1.19578712383906,2.51372330188751,2.46724274754524,2.39157424767812,1.19578712383906,0.333333333333333,2021-08-27 03:20:00,2021-08-26 20:00:00,2021-08-26 23:20:00,-4.1,"mw",0.100000000000001,"N","N",NA,"N",8
"115",37,"mw",2021-09-01 18:10:00,2021-09-01 18:20:00,1.23366474509239,4.64746576547623,3.70099423527718,2.46732949018479,1.23366474509239,0.166666666666667,2021-09-02 00:20:00,2021-09-01 17:10:00,2021-09-02 00:20:00,-4,"mw",0.2,"N","N",NA,"N",9
"116",57,"mw",2022-06-03 13:20:00,2022-06-03 13:30:00,4.24763708362976,14.3396191596985,12.7429112508893,8.49527416725951,4.24763708362976,0.166666666666667,2022-06-03 19:30:00,2022-06-03 12:20:00,2022-06-03 12:30:00,-2.1,"mw",0,"N","N",NA,"N",6
"117",58,"mw",2022-06-06 15:10:00,2022-06-06 15:30:00,1.84105345805486,4.06127879619598,3.57504051923752,3.68210691610972,1.84105345805486,0.333333333333333,2022-06-06 21:30:00,2022-06-06 14:10:00,2022-06-06 15:45:00,-2,"mw",0.2,"N","N",NA,"N",6
"118",59,"mw",2022-06-07 01:10:00,2022-06-07 01:20:00,2.14310221672058,6.51686811447144,6.42930665016174,4.28620443344116,2.14310221672058,0.166666666666667,2022-06-07 07:20:00,2022-06-07 00:10:00,2022-06-07 07:20:00,-2.2,"mw",0.0999999999999996,"N","N",NA,"N",6
"119",60,"mw",2022-06-17 12:00:00,2022-06-17 17:30:00,5.40609479099512,8.86443538665771,7.56765315532684,6.95298074086508,4.97700716058413,5.5,2022-06-17 23:30:00,2022-06-17 11:00:00,2022-06-17 21:40:00,-2.2,"mw",0,"N","N",NA,"N",6
"120",61,"mw",2022-06-19 13:50:00,2022-06-19 14:10:00,1.2576474626859,3.62908153533936,2.84765565395355,2.51529492537181,1.2576474626859,0.333333333333333,2022-06-19 20:10:00,2022-06-19 12:50:00,2022-06-19 13:20:00,-2.2,"mw",0,"N","N",NA,"N",6
"121",62,"mw",2022-06-26 13:30:00,2022-06-26 17:00:00,8.79290677607059,16.3892418384552,12.3366201162338,9.66996851762136,6.23105229536692,3.5,2022-06-26 23:00:00,2022-06-26 12:30:00,2022-06-26 16:55:00,-1.9,"mw",0.4,"N","N",NA,"N",6
"122",63,"mw",2022-06-30 20:10:00,2022-06-30 20:30:00,1.13398098051548,2.91282730102538,2.47563475072384,2.26796196103096,1.13398098051548,0.333333333333333,2022-07-01 02:30:00,2022-06-30 19:10:00,2022-07-01 00:00:00,-2.2,"mw",0.0999999999999996,"N","N",NA,"N",6
"123",64,"mw",2022-07-01 19:10:00,2022-07-01 19:30:00,5.37092329462369,21.5650681018829,14.3094130158424,10.7418465892474,5.37092329462369,0.333333333333333,2022-07-02 01:30:00,2022-07-01 18:10:00,2022-07-02 00:10:00,-2.2,"mw",0,"N","N",NA,"N",7
"124",65,"mw",2022-07-03 11:40:00,2022-07-03 18:30:00,3.46452175776164,4.86236867904663,4.64225556850434,3.88365868727366,2.30998950401942,6.83333333333333,2022-07-04 00:30:00,2022-07-03 10:40:00,2022-07-03 19:20:00,-2.1,"mw",0,"N","N",NA,"N",7
"125",66,"mw",2022-07-05 09:30:00,2022-07-05 15:00:00,13.1341616076728,8.88507559299468,8.09451197385788,7.16716023286183,6.18210836648941,5.5,2022-07-05 21:00:00,2022-07-05 08:30:00,2022-07-05 16:35:00,-0.7,"mw",1.4,"N","N",NA,"N",7
"126",67,"mw",2022-07-06 14:10:00,2022-07-06 14:40:00,8.5020875076453,31.266835975647,22.0867081642151,15.9857093115648,8.5020875076453,0.5,2022-07-06 20:40:00,2022-07-06 13:10:00,2022-07-06 14:40:00,41.8,"mw",43.8,"N","Y",0.5,"Y",7
"127",68,"mw",2022-07-07 10:40:00,2022-07-07 10:50:00,1.99579468170802,6.77135908603668,5.98738404512405,3.99158936341603,1.99579468170802,0.166666666666667,2022-07-07 16:50:00,2022-07-07 09:40:00,2022-07-07 09:45:00,2,"mw",0,"N","N",NA,"N",7
"128",69,"mw",2022-07-08 17:20:00,2022-07-08 17:40:00,7.74667946050566,23.316125535965,21.291573882103,15.4933589210113,7.74667946050566,0.333333333333333,2022-07-08 23:40:00,2022-07-08 16:20:00,2022-07-08 17:50:00,-0.4,"mw",0,"N","N",NA,"N",7
"129",70,"mw",2022-07-13 17:50:00,2022-07-13 18:40:00,2.36787590781848,2.75910068750381,2.5807376563549,2.50419629414876,2.36787590781848,0.833333333333333,2022-07-14 00:40:00,2022-07-13 16:50:00,2022-07-14 00:40:00,-2.2,"mw",0,"N","N",NA,"N",7
"130",71,"mw",2022-07-14 20:30:00,2022-07-14 21:00:00,1.94670719901721,3.69006111621857,3.43159826993942,3.11103572845459,1.94670719901721,0.5,2022-07-15 03:00:00,2022-07-14 19:30:00,2022-07-15 03:00:00,-2.2,"mw",0,"N","N",NA,"N",7
"131",72,"mw",2022-07-15 14:30:00,2022-07-15 23:20:00,30.5957820594311,71.5834045410157,50.0976371884346,37.5402977069219,18.770148853461,8.83333333333333,2022-07-16 05:20:00,2022-07-15 13:30:00,2022-07-15 16:30:00,88.9,"mw",91.1,"N","Y",2,"Y",7
"132",73,"mw",2022-07-16 14:10:00,2022-07-16 16:10:00,10.4514640967051,21.5563484191894,18.5462690621614,13.4120234330495,7.44771656294663,2,2022-07-16 22:10:00,2022-07-16 13:10:00,2022-07-16 17:35:00,5.7,"mw",0,"N","N",NA,"N",7
"133",74,"mw",2022-07-20 18:30:00,2022-07-20 18:40:00,1.24439210295677,5.40247207880021,3.73317630887032,2.48878420591355,1.24439210295677,0.166666666666667,2022-07-21 00:40:00,2022-07-20 17:30:00,2022-07-20 18:20:00,5.5,"mw",0,"N","N",NA,"N",7
"134",75,"mw",2022-07-22 20:10:00,2022-07-22 20:20:00,1.25834968785445,4.25750760436059,3.77504906356335,2.5166993757089,1.25834968785445,0.166666666666667,2022-07-23 02:20:00,2022-07-22 19:10:00,2022-07-22 20:25:00,5.4,"mw",0,"N","N",NA,"N",7
"135",76,"mw",2022-07-24 11:10:00,2022-07-24 14:40:00,3.39729333718618,8.36407151222229,6.06769620776176,4.8008835196495,2.72216515938441,3.5,2022-07-24 20:40:00,2022-07-24 10:10:00,2022-07-24 15:45:00,6,"mw",0.4,"N","N",NA,"N",7
"136",77,"mw",2022-07-27 17:30:00,2022-07-27 20:00:00,16.0876173064113,71.4803413391112,41.1847828634083,30.0387198463082,15.0193599231541,2.5,2022-07-28 02:00:00,2022-07-27 16:30:00,2022-07-27 20:05:00,111.2,"mw",105,"N","Y",2.58333333333333,"Y",7
"137",78,"mw",2022-08-01 14:20:00,2022-08-01 15:20:00,3.19124410947164,3.42852408885956,3.3781416118145,2.91830918391546,2.78246583938599,1,2022-08-01 21:20:00,2022-08-01 13:20:00,2022-08-01 13:25:00,48.6,"mw",0,"N","N",NA,"N",8
"138",79,"mw",2022-08-05 11:20:00,2022-08-05 15:20:00,6.26024643182754,7.36363167762757,6.2984079837799,5.83227310180664,4.88421684106191,4,2022-08-05 21:20:00,2022-08-05 10:20:00,2022-08-05 13:05:00,48.5,"mw",0.600000000000001,"N","N",NA,"N",8
"139",80,"mw",2022-08-13 13:00:00,2022-08-13 17:40:00,3.25816592176755,4.16096411943435,3.27722160220146,2.65608341296514,1.93012421528498,4.66666666666667,2022-08-13 23:40:00,2022-08-13 12:00:00,2022-08-13 12:20:00,48,"mw",0.100000000000001,"N","N",NA,"N",8
"140",81,"mw",2022-08-14 18:40:00,2022-08-14 23:30:00,4.03347471294304,5.33605136871338,5.06320750713348,4.58377321561178,3.0820557449013,4.83333333333333,2022-08-15 05:30:00,2022-08-14 17:40:00,2022-08-14 17:40:00,46.8,"mw",0,"N","N",NA,"N",8
"141",82,"mw",2022-08-15 11:40:00,2022-08-15 19:10:00,30.0497818869849,20.8103058338165,17.1288833618164,15.1832207361857,9.89305402934551,7.5,2022-08-16 01:10:00,2022-08-15 10:40:00,2022-08-15 10:40:00,47.5,"mw",0,"N","N",NA,"N",8
"142",83,"mw",2022-08-21 10:20:00,2022-08-21 11:30:00,7.28056038220724,13.2088400840759,9.91370925903321,8.27260978221894,6.33076685667038,1.16666666666667,2022-08-21 17:30:00,2022-08-21 09:20:00,2022-08-21 10:00:00,47.8,"mw",0.0999999999999943,"N","N",NA,"N",8
"143",84,"mw",2022-08-23 14:10:00,2022-08-23 14:30:00,3.40424008568128,10.2911641120911,8.45888645648956,6.80848017136256,3.40424008568128,0.333333333333333,2022-08-23 20:30:00,2022-08-23 13:10:00,2022-08-23 13:35:00,48,"mw",0.600000000000001,"N","N",NA,"N",8
"144",85,"mw",2022-08-24 13:50:00,2022-08-24 15:00:00,8.37572689453762,13.7161762237549,12.0511812210083,10.2124362230301,7.22046976884207,1.16666666666667,2022-08-24 21:00:00,2022-08-24 12:50:00,2022-08-24 13:05:00,47.8,"mw",0,"N","N",NA,"N",8
"145",86,"mw",2022-08-25 11:30:00,2022-08-25 14:00:00,2.46639071305593,10.4845169067383,5.24225845336914,3.49483896891276,1.74741948445638,2.5,2022-08-25 20:00:00,2022-08-25 10:30:00,2022-08-25 10:35:00,47.6,"mw",0.100000000000001,"N","N",NA,"N",8
"146",87,"mw",2022-08-26 11:50:00,2022-08-26 16:00:00,3.03975777626038,9.45169703960419,7.10514205098152,5.41529984871547,2.70764992435773,4.16666666666667,2022-08-26 22:00:00,2022-08-26 10:50:00,2022-08-26 11:30:00,47,"mw",0,"N","N",NA,"N",8
"147",88,"mw",2022-08-28 15:00:00,2022-08-28 15:30:00,2.36836934884389,7.32470560073853,5.85564734935761,3.90376489957174,2.36836934884389,0.5,2022-08-28 21:30:00,2022-08-28 14:00:00,2022-08-28 14:20:00,47.8,"mw",0.199999999999996,"N","N",NA,"N",8
"148",89,"mw",2022-08-31 14:40:00,2022-08-31 14:50:00,1.3762167006731,6.05807075500488,4.12865010201931,2.7524334013462,1.3762167006731,0.166666666666667,2022-08-31 20:50:00,2022-08-31 13:40:00,2022-08-31 16:05:00,47.7,"mw",0.400000000000006,"N","N",NA,"N",8
"149",90,"mw",2022-09-14 12:20:00,2022-09-14 16:40:00,6.25734236141046,4.4641345500946,4.38205230236053,4.19086983203888,3.94525913000107,4.33333333333333,2022-09-14 22:40:00,2022-09-14 11:20:00,2022-09-14 14:40:00,44.1,"mw",0.5,"N","N",NA,"N",9
"150",91,"mw",2022-09-16 11:50:00,2022-09-16 12:10:00,2.09976144296428,6.82915749549866,5.39379772543907,4.19952288592855,2.09976144296428,0.333333333333333,2022-09-16 18:10:00,2022-09-16 10:50:00,2022-09-16 14:05:00,44.2,"mw",1.2,"N","N",NA,"N",9
"151",92,"mw",2022-09-21 14:00:00,2022-09-21 18:20:00,8.83677952885628,6.80571117401123,5.96488509178162,5.4881235520045,4.78326946099599,4.33333333333333,2022-09-22 00:20:00,2022-09-21 13:00:00,2022-09-21 13:05:00,42.8,"mw",0,"N","N",NA,"N",9
"152",93,"mw",2022-09-27 11:20:00,2022-09-27 16:00:00,3.53227022985618,6.71546155810357,4.85526854395867,4.05176975727082,2.02588487863541,4.66666666666667,2022-09-27 22:00:00,2022-09-27 10:20:00,2022-09-27 14:35:00,43.3,"mw",0,"N","N",NA,"N",9
"153",25,"ue",2021-07-20 16:50:00,2021-07-20 18:10:00,3.3790129383405,6.64915776252746,5.77170672416687,4.72429041067759,2.3621452053388,1.33333333333333,2021-07-21 00:10:00,2021-07-20 15:50:00,2021-07-21 00:10:00,-5.4,"ue",0,"N","N",NA,"N",7
"154",26,"ue",2021-07-21 12:20:00,2021-07-21 15:40:00,1.12996171514193,2.67138175964355,1.33569087982178,1.5045362830162,0.752268141508102,3.33333333333333,2021-07-21 21:40:00,2021-07-21 11:20:00,2021-07-21 21:40:00,-5.4,"ue",0,"N","N",NA,"N",7
"155",27,"ue",2021-07-23 11:00:00,2021-07-23 12:50:00,1.29318807572126,2.8164733171463,2.81520348787308,1.87680232524872,0.938401162624358,1.83333333333333,2021-07-23 18:50:00,2021-07-23 10:00:00,2021-07-23 18:50:00,-5.4,"ue",0,"N","N",NA,"N",7
"156",28,"ue",2021-07-31 12:10:00,2021-07-31 14:00:00,2.67965067625046,5.40585374832154,4.62354526519776,4.05327898661296,2.36643863916397,1.83333333333333,2021-07-31 20:00:00,2021-07-31 11:10:00,2021-07-31 20:00:00,-5.4,"ue",0,"N","N",NA,"N",7
"157",29,"ue",2021-08-03 09:40:00,2021-08-03 11:00:00,5.83846134344737,6.25500297546386,6.07457866668701,5.6569819132487,4.7309123913447,1.33333333333333,2021-08-03 17:00:00,2021-08-03 08:40:00,2021-08-03 10:45:00,-0.2,"ue",5.2,"N","Y",1.08333333333333,"Y",8
"158",30,"ue",2021-08-03 18:20:00,2021-08-03 19:00:00,2.67787170410156,4.17754468917846,4.10970125198364,3.72797640164693,2.67787170410156,0.666666666666667,2021-08-04 01:00:00,2021-08-03 17:20:00,2021-08-04 01:00:00,-0.7,"ue",0,"N","N",NA,"N",8
"159",31,"ue",2021-08-06 18:20:00,2021-08-06 19:40:00,4.99902399753531,18.9582287788391,10.9526276826859,7.30175178845724,3.65087589422862,1.33333333333333,2021-08-07 01:40:00,2021-08-06 17:20:00,2021-08-07 00:15:00,-0.8,"ue",2.3,"N","Y",5.91666666666667,"Y",8
"160",32,"ue",2021-08-14 18:10:00,2021-08-14 18:30:00,2.20837964614233,8.57786388397218,5.57861723899842,4.41675929228465,2.20837964614233,0.333333333333333,2021-08-15 00:30:00,2021-08-14 17:10:00,2021-08-14 17:35:00,-2.6,"ue",0.1,"N","N",NA,"N",8
"161",33,"ue",2021-08-17 18:20:00,2021-08-17 18:40:00,1.24329437812169,3.03169527053833,2.66960318088532,2.48658875624339,1.24329437812169,0.333333333333333,2021-08-18 00:40:00,2021-08-17 17:20:00,2021-08-18 00:35:00,-2.6,"ue",0.2,"N","N",NA,"N",8
"162",34,"ue",2021-08-18 14:10:00,2021-08-18 19:20:00,3.65205419460932,6.69019012451171,5.84913501739502,4.60659735202789,2.71796541611353,5.16666666666667,2021-08-19 01:20:00,2021-08-18 13:10:00,2021-08-19 01:15:00,-2.3,"ue",0.6,"N","N",NA,"N",8
"163",35,"ue",2021-08-19 17:00:00,2021-08-19 17:10:00,2.56399481693903,9.07683835625649,7.6919844508171,5.12798963387807,2.56399481693903,0.166666666666667,2021-08-19 23:10:00,2021-08-19 16:00:00,2021-08-19 17:25:00,-2.6,"ue",0.2,"N","N",NA,"N",8
"164",36,"ue",2021-08-20 00:50:00,2021-08-20 01:10:00,1.30584132671356,2.80878958702087,2.71927454471588,2.61168265342712,1.30584132671356,0.333333333333333,2021-08-20 07:10:00,2021-08-19 23:50:00,2021-08-20 06:45:00,-2.9,"ue",0,"N","N",NA,"N",8
"165",37,"ue",2021-08-26 21:00:00,2021-08-26 21:20:00,1.1807655274868,2.4812396645546,2.30692591071129,2.3615310549736,1.1807655274868,0.333333333333333,2021-08-27 03:20:00,2021-08-26 20:00:00,2021-08-27 03:20:00,-2.3,"ue",0.5,"N","N",NA,"N",8
"166",38,"ue",2021-09-01 18:10:00,2021-09-01 18:20:00,1.14082014163335,4.16702992916108,3.42246042490006,2.2816402832667,1.14082014163335,0.166666666666667,2021-09-02 00:20:00,2021-09-01 17:10:00,2021-09-02 00:20:00,-2.1,"ue",0.7,"N","N",NA,"N",9
"167",39,"ue",2021-09-02 17:20:00,2021-09-02 18:00:00,1.35287020206451,2.53460121154785,2.17911930084228,1.46977647940318,1.35287020206451,0.666666666666667,2021-09-03 00:00:00,2021-09-02 16:20:00,2021-09-02 20:10:00,-2.2,"ue",0.6,"N","N",NA,"N",9
"168",40,"ue",2021-09-03 11:00:00,2021-09-03 15:50:00,6.73531543314457,8.92167687416077,8.87939102649688,7.14809002081552,3.57404501040776,4.83333333333333,2021-09-03 21:50:00,2021-09-03 10:00:00,2021-09-03 11:30:00,1.6,"ue",4.4,"N","Y",0.5,"Y",9
"169",41,"ue",2021-09-12 13:50:00,2021-09-12 14:00:00,4.69176068902016,14.4225390553474,14.0752820670605,9.38352137804031,4.69176068902016,0.166666666666667,2021-09-12 20:00:00,2021-09-12 12:50:00,2021-09-12 16:15:00,1.3,"ue",0.2,"N","N",NA,"N",9
"170",42,"ue",2021-09-13 22:20:00,2021-09-13 22:30:00,2.5252680460612,10.5043752670288,7.5758041381836,5.0505360921224,2.5252680460612,0.166666666666667,2021-09-14 04:30:00,2021-09-13 21:20:00,2021-09-13 22:10:00,1.1,"ue",0.1,"N","N",NA,"N",9
"171",43,"ue",2021-09-19 23:30:00,2021-09-19 23:50:00,1.56318383216858,3.46374125480652,3.24578452110291,3.12636766433716,1.56318383216858,0.333333333333333,2021-09-20 05:50:00,2021-09-19 22:30:00,2021-09-20 02:25:00,-0.3,"ue",0.6,"N","N",NA,"N",9
"172",44,"ue",2021-09-28 12:20:00,2021-09-28 14:20:00,1.69406427368522,2.83336496651173,2.65426357463003,1.76950904975335,0.884754524876675,2,2021-09-28 20:20:00,2021-09-28 11:20:00,2021-09-28 20:20:00,-2.1,"ue",0.4,"N","N",NA,"N",9
"173",45,"ue",2021-09-29 07:10:00,2021-09-29 15:40:00,4.32595005470018,5.27978105545044,3.89502985477447,2.59668656984965,1.49947719573975,8.5,2021-09-29 21:40:00,2021-09-29 06:10:00,2021-09-29 21:40:00,-0.5,"ue",0.9,"N","N",NA,"N",9
"174",59,"ue",2022-06-03 13:20:00,2022-06-03 13:30:00,4.06116226712863,14.8597182273865,12.1834868013859,8.12232453425726,4.06116226712863,0.166666666666667,2022-06-03 19:30:00,2022-06-03 12:20:00,2022-06-03 19:00:00,-3,"ue",0,"N","N",NA,"N",6
"175",60,"ue",2022-06-06 15:10:00,2022-06-06 15:30:00,1.77713622649511,3.74370005130768,3.46883338689804,3.55427245299021,1.77713622649511,0.333333333333333,2022-06-06 21:30:00,2022-06-06 14:10:00,2022-06-06 17:00:00,-2.6,"ue",0.4,"N","N",NA,"N",6
"176",61,"ue",2022-06-07 01:10:00,2022-06-07 01:20:00,1.92115691900253,6.07118203639985,5.7634707570076,3.84231383800507,1.92115691900253,0.166666666666667,2022-06-07 07:20:00,2022-06-07 00:10:00,2022-06-07 02:00:00,-2.4,"ue",0.1,"N","N",NA,"N",6
"177",62,"ue",2022-06-17 12:00:00,2022-06-17 17:30:00,5.39903687636057,9.22193126678467,7.89732027053833,7.03373185793559,4.90673144658406,5.5,2022-06-17 23:30:00,2022-06-17 11:00:00,2022-06-17 18:50:00,-2.3,"ue",0.6,"N","N",NA,"N",6
"178",63,"ue",2022-06-26 13:30:00,2022-06-26 16:50:00,9.20086872925361,19.6609504669905,13.9214080795646,10.5160913298527,6.69819251646598,3.33333333333333,2022-06-26 22:50:00,2022-06-26 12:30:00,2022-06-26 18:30:00,-2.4,"ue",0.6,"N","N",NA,"N",6
"179",64,"ue",2022-06-29 17:50:00,2022-06-29 18:00:00,1.40839835007986,6.05897188186646,4.22519505023957,2.81679670015971,1.40839835007986,0.166666666666667,2022-06-30 00:00:00,2022-06-29 16:50:00,2022-06-29 19:15:00,-2.1,"ue",0.3,"N","N",NA,"N",6
"180",65,"ue",2022-07-01 19:10:00,2022-07-01 19:30:00,5.42739849289258,23.649903678894,14.7534806013107,10.8547969857852,5.42739849289258,0.333333333333333,2022-07-02 01:30:00,2022-07-01 18:10:00,2022-07-01 19:25:00,-2.2,"ue",0,"N","N",NA,"N",7
"181",66,"ue",2022-07-03 11:40:00,2022-07-03 18:30:00,3.39887174367905,4.56049566268921,4.51847212314606,3.81148301760356,2.27680441538493,6.83333333333333,2022-07-04 00:30:00,2022-07-03 10:40:00,2022-07-03 12:50:00,-2.1,"ue",0,"N","N",NA,"N",7
"182",67,"ue",2022-07-05 09:30:00,2022-07-05 15:00:00,13.2451062480609,9.40825319290161,8.40159125328064,7.77458731333415,6.27407875061035,5.5,2022-07-05 21:00:00,2022-07-05 08:30:00,2022-07-05 08:35:00,-2.1,"ue",0,"N","N",NA,"N",7
"183",68,"ue",2022-07-06 14:10:00,2022-07-06 14:40:00,8.84095594560107,34.503235244751,22.649241065979,16.4191973303755,8.84095594560107,0.5,2022-07-06 20:40:00,2022-07-06 13:10:00,2022-07-06 14:35:00,55.2,"ue",57.6,"N","Y",0.416666666666667,"Y",7
"184",69,"ue",2022-07-07 10:40:00,2022-07-07 10:50:00,2.22634408473968,8.81345820426941,6.67903225421905,4.45268816947937,2.22634408473968,0.166666666666667,2022-07-07 16:50:00,2022-07-07 09:40:00,2022-07-07 10:15:00,3.9,"ue",0.2,"N","N",NA,"N",7
"185",70,"ue",2022-07-08 17:20:00,2022-07-08 17:40:00,8.22766044934591,30.9893419265747,22.6428070068359,16.4553208986918,8.22766044934591,0.333333333333333,2022-07-08 23:40:00,2022-07-08 16:20:00,2022-07-08 18:15:00,3.2,"ue",0,"N","N",NA,"N",7
"186",71,"ue",2022-07-13 17:50:00,2022-07-13 18:40:00,2.28471861282984,2.67005774974823,2.43830163478851,2.502756579717,2.28471861282984,0.833333333333333,2022-07-14 00:40:00,2022-07-13 16:50:00,2022-07-13 17:50:00,3.3,"ue",0,"N","N",NA,"N",7
"187",72,"ue",2022-07-14 20:30:00,2022-07-14 21:00:00,1.94445648590724,3.59223666191102,3.40630214214326,3.08589863777161,1.94445648590724,0.5,2022-07-15 03:00:00,2022-07-14 19:30:00,2022-07-15 03:00:00,3.2,"ue",0,"N","N",NA,"N",7
"188",73,"ue",2022-07-15 14:30:00,2022-07-15 23:20:00,31.4210400501887,72.6473312377928,52.282916355133,39.2023036321004,19.6011518160502,8.83333333333333,2022-07-16 05:20:00,2022-07-15 13:30:00,2022-07-15 16:25:00,67.7,"ue",64.5,"N","Y",1.91666666666667,"Y",7
"189",74,"ue",2022-07-16 14:00:00,2022-07-16 16:10:00,11.8498639089366,25.2525901794434,21.3314242191613,14.9228986705343,8.32492222214738,2.16666666666667,2022-07-16 22:10:00,2022-07-16 13:00:00,2022-07-16 13:05:00,17.5,"ue",0,"N","N",NA,"N",7
"190",75,"ue",2022-07-20 18:30:00,2022-07-20 18:40:00,1.36783295472463,5.84177937507629,4.10349886417389,2.73566590944926,1.36783295472463,0.166666666666667,2022-07-21 00:40:00,2022-07-20 17:30:00,2022-07-20 17:30:00,6.7,"ue",0,"N","N",NA,"N",7
"191",76,"ue",2022-07-22 20:10:00,2022-07-22 20:20:00,1.43297442992528,4.85720670223236,4.29892328977585,2.86594885985057,1.43297442992528,0.166666666666667,2022-07-23 02:20:00,2022-07-22 19:10:00,2022-07-22 19:20:00,6.4,"ue",0,"N","N",NA,"N",7
"192",77,"ue",2022-07-24 11:10:00,2022-07-24 14:40:00,2.73571052948634,8.54967813491821,6.1152185678482,4.74247750441233,2.37123875220617,3.5,2022-07-24 20:40:00,2022-07-24 10:10:00,2022-07-24 18:35:00,6.8,"ue",0,"N","N",NA,"N",7
"193",78,"ue",2022-07-27 17:30:00,2022-07-27 20:00:00,19.0112791525821,73.5778648376465,48.8608270168305,35.7422638908029,17.8711319454014,2.5,2022-07-28 02:00:00,2022-07-27 16:30:00,2022-07-27 19:55:00,57.6,"ue",50.2,"N","Y",2.41666666666667,"Y",7
"194",79,"ue",2022-08-01 14:20:00,2022-08-01 15:20:00,3.3748641928037,4.59739375114441,4.22008979320526,3.48178512255351,2.94805209239324,1,2022-08-01 21:20:00,2022-08-01 13:20:00,2022-08-01 13:25:00,4.9,"ue",0,"N","N",NA,"N",8
"195",80,"ue",2022-08-05 14:10:00,2022-08-05 15:20:00,8.67265787124635,10.0852108001709,10.0391026496887,9.86404724121095,7.55333749453227,1.16666666666667,2022-08-05 21:20:00,2022-08-05 13:10:00,2022-08-05 13:30:00,4.7,"ue",0,"N","N",NA,"N",8
"196",81,"ue",2022-08-13 13:00:00,2022-08-13 17:40:00,2.98753969669342,3.35215992927551,2.94369369745255,2.64894340038299,1.66306799650192,4.66666666666667,2022-08-13 23:40:00,2022-08-13 12:00:00,2022-08-13 12:30:00,5,"ue",0,"N","N",NA,"N",8
"197",82,"ue",2022-08-14 18:40:00,2022-08-14 23:30:00,3.43395986159643,5.09565029144287,4.60090365409851,4.06841583251953,2.43337478637695,4.83333333333333,2022-08-15 05:30:00,2022-08-14 17:40:00,2022-08-14 18:05:00,4.7,"ue",0,"N","N",NA,"N",8
"198",83,"ue",2022-08-15 11:30:00,2022-08-15 19:10:00,30.3707566817602,17.6637157440186,15.1632655620575,13.1705941200256,8.8038728872935,7.66666666666667,2022-08-16 01:10:00,2022-08-15 10:30:00,2022-08-15 10:35:00,4.8,"ue",0,"N","N",NA,"N",8
"199",84,"ue",2022-08-21 10:20:00,2022-08-21 11:40:00,12.7830395852526,16.8110544204712,13.4769714355469,12.3354413350423,10.7978453238805,1.33333333333333,2022-08-21 17:40:00,2022-08-21 09:20:00,2022-08-21 09:25:00,4.6,"ue",0,"N","N",NA,"N",8
"200",85,"ue",2022-08-23 14:00:00,2022-08-23 14:30:00,4.26040448869268,11.5302083969116,9.85960974693299,7.61154062350591,4.26040448869268,0.5,2022-08-23 20:30:00,2022-08-23 13:00:00,2022-08-23 13:35:00,4.5,"ue",0.2,"N","N",NA,"N",8
"201",86,"ue",2022-08-24 13:50:00,2022-08-24 15:00:00,7.51136076450348,12.6302726745605,11.5556777954102,8.89199557304382,6.43446749846141,1.16666666666667,2022-08-24 21:00:00,2022-08-24 12:50:00,2022-08-24 13:00:00,4.7,"ue",0.100000000000001,"N","N",NA,"N",8
"202",87,"ue",2022-08-25 11:30:00,2022-08-25 14:00:00,3.92235087255637,18.4638074874878,10.2423077791929,6.82820518612862,3.41410259306431,2.5,2022-08-25 20:00:00,2022-08-25 10:30:00,2022-08-25 12:50:00,4.7,"ue",0,"N","N",NA,"N",8
"203",88,"ue",2022-08-26 11:50:00,2022-08-26 16:00:00,3.03778392871221,8.77774052619936,6.15064018964768,4.74407156308493,2.37203578154246,4.16666666666667,2022-08-26 22:00:00,2022-08-26 10:50:00,2022-08-26 15:10:00,4.4,"ue",0,"N","N",NA,"N",8
"204",89,"ue",2022-08-28 15:00:00,2022-08-28 15:30:00,2.92815687656403,6.83302221298217,5.98037943840027,4.67568898995717,2.92815687656403,0.5,2022-08-28 21:30:00,2022-08-28 14:00:00,2022-08-28 14:25:00,4.5,"ue",0.0999999999999996,"N","N",NA,"N",8
"205",90,"ue",2022-08-31 14:40:00,2022-08-31 14:50:00,1.57347980638345,6.09516673088074,4.72043941915036,3.1469596127669,1.57347980638345,0.166666666666667,2022-08-31 20:50:00,2022-08-31 13:40:00,2022-08-31 15:35:00,4.7,"ue",0.2,"N","N",NA,"N",8
"206",91,"ue",2022-09-14 12:30:00,2022-09-14 16:40:00,5.71665115356445,4.08954010009766,4.08185391426086,3.9138058980306,3.80433979829152,4.16666666666667,2022-09-14 22:40:00,2022-09-14 11:30:00,2022-09-14 15:10:00,4.7,"ue",0.3,"N","N",NA,"N",9
"207",92,"ue",2022-09-15 09:30:00,2022-09-15 09:50:00,1.24465785423915,2.90942249298096,2.72691407203674,2.48931570847829,1.24465785423915,0.333333333333333,2022-09-15 15:50:00,2022-09-15 08:30:00,2022-09-15 14:10:00,4.8,"ue",0.6,"N","N",NA,"N",9
"208",93,"ue",2022-09-16 11:50:00,2022-09-16 12:10:00,2.18558082381884,6.85152854919433,5.50066491961479,4.37116164763768,2.18558082381884,0.333333333333333,2022-09-16 18:10:00,2022-09-16 10:50:00,2022-09-16 14:35:00,4.8,"ue",0.6,"N","N",NA,"N",9
"209",94,"ue",2022-09-21 14:00:00,2022-09-21 18:20:00,9.23326527674993,6.16632146835326,5.46339144706726,5.17730202674866,4.70363011360169,4.33333333333333,2022-09-22 00:20:00,2022-09-21 13:00:00,2022-09-21 13:15:00,4,"ue",0,"N","N",NA,"N",9
"210",95,"ue",2022-09-27 11:20:00,2022-09-27 16:00:00,3.72604370514552,5.90767211914063,4.66472356319428,4.06820142269135,2.41591383218765,4.66666666666667,2022-09-27 22:00:00,2022-09-27 10:20:00,2022-09-27 10:30:00,4.7,"ue",0.2,"N","N",NA,"N",9
"211",96,"ue",2022-09-30 12:30:00,2022-09-30 12:40:00,1.07795672019323,4.10374927520752,3.23387016057969,2.15591344038646,1.07795672019323,0.166666666666667,2022-09-30 18:40:00,2022-09-30 11:30:00,2022-09-30 11:55:00,4.4,"ue",0.100000000000001,"N","N",NA,"N",9
"212",23,"um",2021-07-20 16:20:00,2021-07-20 18:10:00,4.04874596082502,4.63725794156393,4.47420014937719,3.60375986761517,3.0197694554925,1.83333333333333,2021-07-21 00:10:00,2021-07-20 15:20:00,2021-07-20 22:30:00,-5.3,"um",0,"N","N",NA,"N",7
"213",24,"um",2021-07-23 11:00:00,2021-07-23 12:50:00,1.51398585504956,2.93903399308522,2.10205878019333,1.40137252012888,0.813299594985113,1.83333333333333,2021-07-23 18:50:00,2021-07-23 10:00:00,2021-07-23 18:45:00,-5.3,"um",0.100000000000001,"N","N",NA,"N",7
"214",25,"um",2021-07-31 13:30:00,2021-07-31 14:10:00,2.68700749874115,4.96290725072225,4.36878643035889,3.94741733339098,2.68700749874115,0.666666666666667,2021-07-31 20:10:00,2021-07-31 12:30:00,2021-07-31 20:05:00,0.3,"um",0.2,"N","N",NA,"N",7
"215",26,"um",2021-08-03 09:50:00,2021-08-03 11:00:00,5.07709900935491,5.29447038968404,5.23526606559753,5.0071292453342,4.40125392807855,1.16666666666667,2021-08-03 17:00:00,2021-08-03 08:50:00,2021-08-03 14:50:00,0.5,"um",0.1,"N","N",NA,"N",8
"216",27,"um",2021-08-03 18:20:00,2021-08-03 18:50:00,2.50594197379218,4.3224905649821,4.24013148148855,3.97385097609626,2.50594197379218,0.5,2021-08-04 00:50:00,2021-08-03 17:20:00,2021-08-03 19:25:00,0.5,"um",0.1,"N","N",NA,"N",8
"217",28,"um",2021-08-06 18:10:00,2021-08-06 19:40:00,4.94737254182497,18.0137640476227,10.614143606027,7.74955012400944,3.87477506200472,1.5,2021-08-07 01:40:00,2021-08-06 17:10:00,2021-08-06 18:55:00,5.4,"um",5.1,"N","Y",0.75,"Y",8
"218",34,"um",2021-08-26 21:00:00,2021-08-26 21:20:00,1.16767768263817,2.61157249609629,2.34215564330419,2.33535536527634,1.16767768263817,0.333333333333333,2021-08-27 03:20:00,2021-08-26 20:00:00,2021-08-27 02:30:00,0.9,"um",0,"N","N",NA,"N",8
"219",35,"um",2021-09-01 18:10:00,2021-09-01 18:20:00,1.11768829292721,3.90028438568115,3.35306487878163,2.23537658585442,1.11768829292721,0.166666666666667,2021-09-02 00:20:00,2021-09-01 17:10:00,2021-09-02 00:20:00,1,"um",0,"N","N",NA,"N",9
"220",36,"um",2021-09-02 17:20:00,2021-09-02 17:50:00,1.0005030963156,2.17010006109873,2.00981528361638,1.38449602391985,1.0005030963156,0.5,2021-09-02 23:50:00,2021-09-02 16:20:00,2021-09-02 17:05:00,1,"um",0,"N","N",NA,"N",9
"221",37,"um",2021-09-03 11:00:00,2021-09-03 15:50:00,6.79219971079793,9.9792188167572,8.65782051881154,6.84248647689819,3.4212432384491,4.83333333333333,2021-09-03 21:50:00,2021-09-03 10:00:00,2021-09-03 11:25:00,4.8,"um",3.6,"N","Y",0.416666666666667,"Y",9
"222",38,"um",2021-09-12 13:50:00,2021-09-12 14:00:00,3.86614371935526,11.6527636766433,11.5984311580658,7.73228743871053,3.86614371935526,0.166666666666667,2021-09-12 20:00:00,2021-09-12 12:50:00,2021-09-12 13:40:00,1.8,"um",0.1,"N","N",NA,"N",9
"223",39,"um",2021-09-13 22:20:00,2021-09-14 02:10:00,2.63254650433858,8.36022823651632,6.99374844233195,4.66249896155463,2.33124948077732,3.83333333333333,2021-09-14 08:10:00,2021-09-13 21:20:00,2021-09-14 08:10:00,1.9,"um",0.4,"N","N",NA,"N",9
"224",40,"um",2021-09-19 23:30:00,2021-09-20 00:00:00,1.95654904577467,3.9215603351593,3.57248055140177,3.2624337249332,1.95654904577467,0.5,2021-09-20 06:00:00,2021-09-19 22:30:00,2021-09-19 22:30:00,0.8,"um",0,"N","N",NA,"N",9
"225",41,"um",2021-09-28 12:30:00,2021-09-28 14:20:00,1.45196327707834,3.61198825389147,2.94804361884793,1.96536241256529,0.982681206282643,1.83333333333333,2021-09-28 20:20:00,2021-09-28 11:30:00,2021-09-28 11:35:00,2.3,"um",0,"N","N",NA,"N",9
"226",42,"um",2021-09-29 07:10:00,2021-09-29 16:40:00,4.96504873091148,4.99011492729187,3.79912443955739,2.5327496263716,1.59285882910093,9.5,2021-09-29 22:40:00,2021-09-29 06:10:00,2021-09-29 11:00:00,2.6,"um",0.6,"N","N",NA,"N",9
"227",59,"um",2022-06-17 12:00:00,2022-06-17 17:30:00,5.58854905052318,7.86340379714966,7.0519390741984,6.42713350719876,4.58940603600608,5.5,2022-06-17 23:30:00,2022-06-17 11:00:00,2022-06-17 23:30:00,-6,"um",0.0999999999999996,"N","N",NA,"N",6
"228",60,"um",2022-06-19 13:30:00,2022-06-19 14:10:00,1.18613314496146,2.93145492871602,2.41637913783391,1.61091942522261,1.18613314496146,0.666666666666667,2022-06-19 20:10:00,2022-06-19 12:30:00,2022-06-19 20:10:00,-6,"um",0.0999999999999996,"N","N",NA,"N",6
"229",61,"um",2022-06-26 13:20:00,2022-06-26 16:50:00,9.55669501142369,20.6000581095616,14.0172079876065,10.6917148215903,7.17686933063798,3.5,2022-06-26 22:50:00,2022-06-26 12:20:00,2022-06-26 22:50:00,-5.9,"um",0.199999999999999,"N","N",NA,"N",6
"230",62,"um",2022-06-29 17:50:00,2022-06-29 18:00:00,1.90112694054842,7.61850361824036,5.70338082164526,3.80225388109684,1.90112694054842,0.166666666666667,2022-06-30 00:00:00,2022-06-29 16:50:00,2022-06-29 23:55:00,-5.9,"um",0.199999999999999,"N","N",NA,"N",6
"231",63,"um",2022-07-01 19:10:00,2022-07-01 19:30:00,5.30753754708502,22.9943469365438,14.569397799174,10.61507509417,5.30753754708502,0.333333333333333,2022-07-02 01:30:00,2022-07-01 18:10:00,2022-07-02 01:30:00,-5.9,"um",0.199999999999999,"N","N",NA,"N",7
"232",64,"um",2022-07-03 13:20:00,2022-07-03 18:30:00,3.04144863155153,5.04967929522197,4.61700128714244,3.90990863376194,2.26264093981849,5.16666666666667,2022-07-04 00:30:00,2022-07-03 12:20:00,2022-07-04 00:30:00,-5.9,"um",0.199999999999999,"N","N",NA,"N",7
"233",65,"um",2022-07-05 09:30:00,2022-07-05 15:10:00,14.9306401411692,13.7268473943075,12.032949201266,10.0730424298181,6.12338523070017,5.66666666666667,2022-07-05 21:10:00,2022-07-05 08:30:00,2022-07-05 21:10:00,-6,"um",0.0999999999999996,"N","N",NA,"N",7
"234",66,"um",2022-07-06 05:20:00,2022-07-06 06:00:00,1.05269832677311,2.290500831604,2.24568704764048,1.49712469842699,1.05269832677311,0.666666666666667,2022-07-06 12:00:00,2022-07-06 04:20:00,2022-07-06 08:05:00,-5.9,"um",0,"N","N",NA,"N",7
"235",67,"um",2022-07-06 13:40:00,2022-07-06 14:40:00,9.33460619813867,32.911371866862,22.9405434131622,16.9306369124187,9.0108217758437,1,2022-07-06 20:40:00,2022-07-06 12:40:00,2022-07-06 14:35:00,28.9,"um",35,"N","Y",0.916666666666667,"Y",7
"236",68,"um",2022-07-07 10:40:00,2022-07-07 10:50:00,1.80258692171839,6.13158024549484,5.40776076515516,3.60517384343677,1.80258692171839,0.166666666666667,2022-07-07 16:50:00,2022-07-07 09:40:00,2022-07-07 12:40:00,0.2,"um",0,"N","N",NA,"N",7
"237",69,"um",2022-07-08 17:10:00,2022-07-08 17:50:00,8.24272003281448,24.4618280410767,20.1530733108521,15.1481148825751,8.24272003281448,0.666666666666667,2022-07-08 23:50:00,2022-07-08 16:10:00,2022-07-08 16:20:00,-0.4,"um",0.1,"N","N",NA,"N",7
"238",70,"um",2022-07-13 18:00:00,2022-07-13 18:40:00,1.99556689394845,2.65885766347249,2.62623614867528,2.63125104374356,1.99556689394845,0.666666666666667,2022-07-14 00:40:00,2022-07-13 17:00:00,2022-07-14 00:40:00,-3.4,"um",0.1,"N","N",NA,"N",7
"239",71,"um",2022-07-14 20:30:00,2022-07-14 21:10:00,2.33964377641678,3.67880196571351,3.42485853830974,3.22014685736762,2.33964377641678,0.666666666666667,2022-07-15 03:10:00,2022-07-14 19:30:00,2022-07-15 03:10:00,-3.4,"um",0.1,"N","N",NA,"N",7
"240",72,"um",2022-07-15 14:30:00,2022-07-15 23:20:00,31.7809284514851,66.1606212615966,52.3278853098551,39.0795091364118,19.5397545682059,8.83333333333333,2022-07-16 05:20:00,2022-07-15 13:30:00,2022-07-15 16:25:00,31.4,"um",34.9,"N","Y",1.91666666666667,"Y",7
"241",73,"um",2022-07-16 14:00:00,2022-07-16 16:10:00,11.8304987797307,26.2591013590495,19.6926481597126,14.1115011077788,7.76026509296564,2.16666666666667,2022-07-16 22:10:00,2022-07-16 13:00:00,2022-07-16 13:05:00,4.3,"um",0.0999999999999996,"N","N",NA,"N",7
"242",74,"um",2022-07-22 20:10:00,2022-07-22 20:20:00,1.28564934134483,4.48182932138444,3.8569480240345,2.57129868268967,1.28564934134483,0.166666666666667,2022-07-23 02:20:00,2022-07-22 19:10:00,2022-07-22 20:30:00,-1.3,"um",0,"N","N",NA,"N",7
"243",75,"um",2022-07-24 11:10:00,2022-07-24 14:40:00,2.9007787876659,6.8840446472168,5.23935968875885,4.43407201502058,2.56561867396037,3.5,2022-07-24 20:40:00,2022-07-24 10:10:00,2022-07-24 13:00:00,-0.9,"um",0,"N","N",NA,"N",7
"244",76,"um",2022-07-27 17:30:00,2022-07-27 20:00:00,19.7178357681001,63.7899700164795,49.3082645893097,36.8584589919179,18.4292294959589,2.5,2022-07-28 02:00:00,2022-07-27 16:30:00,2022-07-27 20:00:00,26.7,"um",28,"N","Y",2.5,"Y",7
"245",77,"um",2022-07-30 12:40:00,2022-07-30 14:50:00,1.33358727660444,2.7964147289594,2.718037028114,1.81202468540933,0.906012342704667,2.16666666666667,2022-07-30 20:50:00,2022-07-30 11:40:00,2022-07-30 12:20:00,6.2,"um",0.100000000000001,"N","N",NA,"N",7
"246",78,"um",2022-08-01 14:10:00,2022-08-01 15:20:00,3.45361843175358,4.67541392644247,3.60716250141462,3.51538812319438,2.68853318757481,1.16666666666667,2022-08-01 21:20:00,2022-08-01 13:10:00,2022-08-01 13:15:00,6.4,"um",0.100000000000001,"N","N",NA,"N",8
"247",79,"um",2022-08-03 14:20:00,2022-08-03 14:30:00,1.19184770186742,4.08349211215972,3.57554310560226,2.38369540373484,1.19184770186742,0.166666666666667,2022-08-03 20:30:00,2022-08-03 13:20:00,2022-08-03 15:30:00,5.8,"um",0.3,"N","N",NA,"N",8
"248",80,"um",2022-08-05 14:10:00,2022-08-05 15:20:00,8.70114447408252,11.1607181866964,11.0188339392344,10.6055218908522,7.72410242425071,1.16666666666667,2022-08-05 21:20:00,2022-08-05 13:10:00,2022-08-05 13:15:00,5.3,"um",0,"N","N",NA,"N",8
"249",81,"um",2022-08-13 13:00:00,2022-08-13 17:30:00,1.81713598039415,3.19997135798136,3.10130646626155,2.06753764417437,1.03376882208718,4.5,2022-08-13 23:30:00,2022-08-13 12:00:00,2022-08-13 12:35:00,-3.1,"um",0,"N","N",NA,"N",8
"250",82,"um",2022-08-14 15:20:00,2022-08-14 23:30:00,2.99745206104384,4.14889942804972,3.87350044250488,3.37842109733158,1.68921054866579,8.16666666666667,2022-08-15 05:30:00,2022-08-14 14:20:00,2022-08-15 00:00:00,-2.1,"um",1.2,"N","N",NA,"N",8
"251",83,"um",2022-08-15 11:30:00,2022-08-15 21:40:00,28.8736374631524,17.2171465873718,13.4496208667755,12.1407914479574,8.62266836315393,10.1666666666667,2022-08-16 03:40:00,2022-08-15 10:30:00,2022-08-16 03:40:00,-2.1,"um",1.1,"N","N",NA,"N",8
"252",84,"um",2022-08-21 10:20:00,2022-08-21 11:40:00,17.1214985819326,26.1701298395792,24.6427551905314,19.6220619254642,14.9806207047568,1.33333333333333,2022-08-21 17:40:00,2022-08-21 09:20:00,2022-08-21 17:30:00,-2.6,"um",0.1,"N","N",NA,"N",8
"253",85,"um",2022-08-23 14:00:00,2022-08-23 14:20:00,3.23298165831301,8.30570683876673,8.13614252408345,6.46596331662601,3.23298165831301,0.333333333333333,2022-08-23 20:20:00,2022-08-23 13:00:00,2022-08-23 20:20:00,-2.6,"um",0,"N","N",NA,"N",8
"254",86,"um",2022-08-24 13:50:00,2022-08-24 15:00:00,6.73921202951007,11.980029296875,11.4322050094605,8.50530132717556,5.6108976483345,1.16666666666667,2022-08-24 21:00:00,2022-08-24 12:50:00,2022-08-24 21:00:00,-2.5,"um",0.1,"N","N",NA,"N",8
"255",87,"um",2022-08-25 11:30:00,2022-08-25 14:00:00,5.40023062427839,17.7523360570272,13.9610473781824,10.1400396870242,5.07001984351212,2.5,2022-08-25 20:00:00,2022-08-25 10:30:00,2022-08-25 12:35:00,-2.3,"um",0.1,"N","N",NA,"N",8
"256",88,"um",2022-08-26 11:50:00,2022-08-26 16:00:00,2.5383913954099,7.96554570198059,5.57032690842946,4.46006660461426,2.23003330230713,4.16666666666667,2022-08-26 22:00:00,2022-08-26 10:50:00,2022-08-26 22:00:00,-2.2,"um",0.2,"N","N",NA,"N",8
"257",89,"um",2022-08-28 15:00:00,2022-08-28 15:30:00,2.99917404651642,5.59745777448019,4.96500876744589,4.55416150622898,2.99917404651642,0.5,2022-08-28 21:30:00,2022-08-28 14:00:00,2022-08-28 21:30:00,-2.4,"um",0.1,"N","N",NA,"N",8
"258",90,"um",2022-08-31 14:40:00,2022-08-31 14:50:00,1.64715561701192,5.21770199139913,4.94146685103576,3.29431123402384,1.64715561701192,0.166666666666667,2022-08-31 20:50:00,2022-08-31 13:40:00,2022-08-31 20:50:00,-2.8,"um",0.1,"N","N",NA,"N",8
"259",91,"um",2022-09-14 12:30:00,2022-09-14 16:40:00,5.36750613318549,3.99064140319824,3.85119329293568,3.79120586183336,3.52902883688609,4.16666666666667,2022-09-14 22:40:00,2022-09-14 11:30:00,2022-09-14 22:40:00,-2.8,"um",0.3,"N","N",NA,"N",9
"260",92,"um",2022-09-15 09:30:00,2022-09-15 09:50:00,1.31614189810223,2.79260416030884,2.73429617881775,2.63228379620446,1.31614189810223,0.333333333333333,2022-09-15 15:50:00,2022-09-15 08:30:00,2022-09-15 08:40:00,-2.7,"um",0.0999999999999996,"N","N",NA,"N",9
"261",93,"um",2022-09-16 11:50:00,2022-09-16 12:10:00,2.0073604464531,6.19009860356649,5.00194596648217,4.01472089290619,2.0073604464531,0.333333333333333,2022-09-16 18:10:00,2022-09-16 10:50:00,2022-09-16 13:00:00,-2.8,"um",0.2,"N","N",NA,"N",9
"262",94,"um",2022-09-21 14:00:00,2022-09-21 18:10:00,8.68462759256363,6.21662359237671,5.51656970183055,5.27419044706556,4.54676702552372,4.16666666666667,2022-09-22 00:10:00,2022-09-21 13:00:00,2022-09-22 00:00:00,-2.5,"um",0.7,"N","N",NA,"N",9
"263",95,"um",2022-09-27 11:20:00,2022-09-27 16:00:00,3.81409357388814,5.23137429555258,4.70500626564026,3.97538446055519,2.3498110509581,4.66666666666667,2022-09-27 22:00:00,2022-09-27 10:20:00,2022-09-27 22:00:00,-2.5,"um",0,"N","N",NA,"N",9
"264",96,"um",2022-09-30 12:20:00,2022-09-30 13:30:00,1.99062952465481,4.28641119003296,3.31999637285868,2.91873194641537,1.45936597320769,1.16666666666667,2022-09-30 19:30:00,2022-09-30 11:20:00,2022-09-30 19:30:00,-2.5,"um",0.1,"N","N",NA,"N",9
"265",24,"uw",2021-07-20 16:10:00,2021-07-20 18:00:00,4.90012442270915,5.85145688056946,5.37256009578705,4.2632303237915,3.75726592540741,1.83333333333333,2021-07-21 00:00:00,2021-07-20 15:10:00,2021-07-20 17:25:00,0.5,"uw",0.2,"N","N",NA,"N",7
"266",25,"uw",2021-07-21 12:20:00,2021-07-21 15:40:00,1.35542304515839,3.96028304100037,3.11732964515686,2.07821976343791,1.03910988171895,3.33333333333333,2021-07-21 21:40:00,2021-07-21 11:20:00,2021-07-21 18:00:00,0.1,"uw",0.1,"N","N",NA,"N",7
"267",26,"uw",2021-07-23 11:00:00,2021-07-23 12:50:00,2.00833504597346,3.49609410762787,2.71963424682617,1.81308949788411,1.31080429553986,1.83333333333333,2021-07-23 18:50:00,2021-07-23 10:00:00,2021-07-23 12:35:00,0,"uw",0.1,"N","N",NA,"N",7
"268",27,"uw",2021-07-31 11:40:00,2021-07-31 14:10:00,3.96758577823639,4.40035285949708,4.1450122833252,3.8371656258901,2.59731230338414,2.5,2021-07-31 20:10:00,2021-07-31 10:40:00,2021-07-31 20:10:00,-0.2,"uw",0.1,"N","N",NA,"N",7
"269",28,"uw",2021-08-03 10:10:00,2021-08-03 11:00:00,4.08041342894236,5.14852504730224,4.9211632490158,4.56864647865295,4.08041342894236,0.833333333333333,2021-08-03 17:00:00,2021-08-03 09:10:00,2021-08-03 17:00:00,-0.4,"uw",0.5,"N","N",NA,"N",8
"270",29,"uw",2021-08-03 18:20:00,2021-08-03 18:50:00,2.5508407274882,4.73380584716797,4.56427526473999,4.09454040527344,2.5508407274882,0.5,2021-08-04 00:50:00,2021-08-03 17:20:00,2021-08-03 19:15:00,-0.5,"uw",0,"N","N",NA,"N",8
"271",30,"uw",2021-08-06 18:10:00,2021-08-06 19:40:00,4.7430143756171,12.5197336196899,8.29764404296873,6.70711828867593,3.35355914433797,1.5,2021-08-07 01:40:00,2021-08-06 17:10:00,2021-08-06 18:25:00,-0.2,"uw",0,"N","N",NA,"N",8
"272",31,"uw",2021-08-14 13:10:00,2021-08-14 18:30:00,2.71403287326296,6.38738641738891,4.95937647819519,3.97038466135661,1.9851923306783,5.33333333333333,2021-08-15 00:30:00,2021-08-14 12:10:00,2021-08-14 17:30:00,0,"uw",0.3,"N","N",NA,"N",8
"273",32,"uw",2021-08-17 18:10:00,2021-08-17 18:40:00,1.63948204517364,2.89614682197571,2.78223180770874,2.66040503184001,1.63948204517364,0.5,2021-08-18 00:40:00,2021-08-17 17:10:00,2021-08-17 17:45:00,0.1,"uw",0,"N","N",NA,"N",8
"274",33,"uw",2021-08-18 14:10:00,2021-08-18 19:20:00,4.40442103544871,5.81534156799316,5.23558783531189,5.37957390149435,3.55028709570567,5.16666666666667,2021-08-19 01:20:00,2021-08-18 13:10:00,2021-08-18 17:00:00,0.1,"uw",0.2,"N","N",NA,"N",8
"275",34,"uw",2021-08-19 17:00:00,2021-08-19 17:10:00,1.88422261079153,7.65282812118532,5.65266783237458,3.76844522158305,1.88422261079153,0.166666666666667,2021-08-19 23:10:00,2021-08-19 16:00:00,2021-08-19 17:30:00,-0.4,"uw",0,"N","N",NA,"N",8
"276",35,"uw",2021-08-20 00:50:00,2021-08-20 01:10:00,1.34693574706713,2.81937937736511,2.81935279369354,2.69387149413427,1.34693574706713,0.333333333333333,2021-08-20 07:10:00,2021-08-19 23:50:00,2021-08-20 00:05:00,-0.7,"uw",0,"N","N",NA,"N",8
"277",36,"uw",2021-08-26 21:00:00,2021-08-26 21:20:00,1.30444975296656,2.8725136756897,2.69552514553071,2.60889950593313,1.30444975296656,0.333333333333333,2021-08-27 03:20:00,2021-08-26 20:00:00,2021-08-26 20:00:00,-0.3,"uw",0,"N","N",NA,"N",8
"278",37,"uw",2021-09-01 18:10:00,2021-09-01 18:20:00,1.17069516976674,4.2761414527893,3.51208550930023,2.34139033953349,1.17069516976674,0.166666666666667,2021-09-02 00:20:00,2021-09-01 17:10:00,2021-09-01 17:25:00,-0.1,"uw",0.1,"N","N",NA,"N",9
"279",38,"uw",2021-09-02 17:20:00,2021-09-02 17:50:00,1.06394667228063,2.31912348270416,2.03227827548981,1.47455654144287,1.06394667228063,0.5,2021-09-02 23:50:00,2021-09-02 16:20:00,2021-09-02 17:40:00,-0.1,"uw",0,"N","N",NA,"N",9
"280",39,"uw",2021-09-03 11:00:00,2021-09-03 15:50:00,8.26807777496675,13.5939821243286,11.1561130523682,8.61628130276998,4.30814065138499,4.83333333333333,2021-09-03 21:50:00,2021-09-03 10:00:00,2021-09-03 15:30:00,0,"uw",0.7,"N","N",NA,"N",9
"281",40,"uw",2021-09-12 13:50:00,2021-09-12 14:00:00,4.03718601266543,12.9313924908638,12.1115580379963,8.07437202533086,4.03718601266543,0.166666666666667,2021-09-12 20:00:00,2021-09-12 12:50:00,2021-09-12 16:25:00,-0.8,"uw",0.2,"N","N",NA,"N",9
"282",58,"uw",2022-06-03 13:20:00,2022-06-03 13:30:00,2.22897477149963,7.00938825607301,6.6869243144989,4.45794954299927,2.22897477149963,0.166666666666667,2022-06-03 19:30:00,2022-06-03 12:20:00,2022-06-03 12:25:00,-2.1,"uw",0,"N","N",NA,"N",6
"283",59,"uw",2022-06-06 15:00:00,2022-06-06 15:30:00,2.05450734297435,3.76967778205871,3.25238590240478,3.39353450139364,2.05450734297435,0.5,2022-06-06 21:30:00,2022-06-06 14:00:00,2022-06-06 16:15:00,-1,"uw",1.5,"N","N",NA,"N",6
"284",60,"uw",2022-06-07 01:00:00,2022-06-07 01:20:00,2.28576394319535,6.00790553092957,5.87109122276307,4.57152788639069,2.28576394319535,0.333333333333333,2022-06-07 07:20:00,2022-06-07 00:00:00,2022-06-07 02:00:00,-0.8,"uw",0.3,"N","N",NA,"N",6
"285",61,"uw",2022-06-17 12:00:00,2022-06-17 17:30:00,5.82259338696798,7.94533290863037,7.29068264961243,6.71340821584066,4.80770188570022,5.5,2022-06-17 23:30:00,2022-06-17 11:00:00,2022-06-17 18:15:00,-1.4,"uw",0.5,"N","N",NA,"N",6
"286",62,"uw",2022-06-19 13:30:00,2022-06-19 14:10:00,1.59522022008896,3.34841365814209,2.20578048229217,2.07430255413055,1.59522022008896,0.666666666666667,2022-06-19 20:10:00,2022-06-19 12:30:00,2022-06-19 13:05:00,-2.2,"uw",0.0999999999999996,"N","N",NA,"N",6
"287",63,"uw",2022-06-24 13:00:00,2022-06-24 15:20:00,1.13193551699321,4.60177674293519,2.30088837146759,1.5339255809784,0.766962790489198,2.33333333333333,2022-06-24 21:20:00,2022-06-24 12:00:00,2022-06-24 19:05:00,-2.4,"uw",0,"N","N",NA,"N",6
"288",64,"uw",2022-06-26 13:20:00,2022-06-26 17:00:00,9.33699114521345,19.4770027160644,13.0351719856262,10.0105398178101,6.96445058186849,3.66666666666667,2022-06-26 23:00:00,2022-06-26 12:20:00,2022-06-26 13:20:00,-2.2,"uw",0.0999999999999996,"N","N",NA,"N",6
"289",65,"uw",2022-06-29 17:50:00,2022-06-29 18:00:00,1.82614899277687,6.32665634155273,5.47844697833061,3.65229798555374,1.82614899277687,0.166666666666667,2022-06-30 00:00:00,2022-06-29 16:50:00,2022-06-29 17:45:00,-2.5,"uw",0,"N","N",NA,"N",6
"290",66,"uw",2022-06-30 18:20:00,2022-06-30 20:20:00,1.21012518803279,2.96412615776062,2.56896475553513,1.71264317035675,0.856321585178375,2,2022-07-01 02:20:00,2022-06-30 17:20:00,2022-06-30 17:20:00,-2.5,"uw",0,"N","N",NA,"N",6
"291",67,"uw",2022-07-01 19:10:00,2022-07-01 19:30:00,5.17776061296462,22.2392505645752,14.5035439491272,10.3555212259292,5.17776061296462,0.333333333333333,2022-07-02 01:30:00,2022-07-01 18:10:00,2022-07-02 01:30:00,-2.6,"uw",0,"N","N",NA,"N",7
"292",68,"uw",2022-07-03 11:40:00,2022-07-03 18:30:00,3.55493208964666,4.98441400527955,4.67795865535736,4.08189412752787,2.353244972229,6.83333333333333,2022-07-04 00:30:00,2022-07-03 10:40:00,2022-07-04 00:00:00,-2,"uw",0.5,"N","N",NA,"N",7
"293",69,"uw",2022-07-05 09:30:00,2022-07-05 15:00:00,16.341051608324,16.6453981399536,15.4819040298462,12.1975652535756,6.98820991913478,5.5,2022-07-05 21:00:00,2022-07-05 08:30:00,2022-07-05 15:25:00,-0.7,"uw",1.3,"N","N",NA,"N",7
"294",70,"uw",2022-07-06 13:20:00,2022-07-06 14:40:00,11.8802110932767,36.710283279419,28.6595065116883,20.5613814512889,10.9065473556519,1.33333333333333,2022-07-06 20:40:00,2022-07-06 12:20:00,2022-07-06 14:40:00,30.8,"uw",34.1,"N","Y",1.33333333333333,"Y",7
"295",71,"uw",2022-07-07 10:40:00,2022-07-07 10:50:00,2.13827126026154,7.10967245101929,6.41481378078461,4.27654252052307,2.13827126026154,0.166666666666667,2022-07-07 16:50:00,2022-07-07 09:40:00,2022-07-07 16:50:00,2.9,"uw",0.3,"N","N",NA,"N",7
"296",72,"uw",2022-07-08 17:20:00,2022-07-08 17:40:00,5.1807921886444,17.0532180786133,12.7819408416748,10.3615843772888,5.1807921886444,0.333333333333333,2022-07-08 23:40:00,2022-07-08 16:20:00,2022-07-08 16:20:00,2,"uw",0,"N","N",NA,"N",7
"297",73,"uw",2022-07-13 18:00:00,2022-07-13 18:30:00,1.73454351822535,2.95109691619873,2.69305994510651,2.66377859910329,1.73454351822535,0.5,2022-07-14 00:30:00,2022-07-13 17:00:00,2022-07-13 23:00:00,0.2,"uw",0.4,"N","N",NA,"N",7
"298",74,"uw",2022-07-14 20:30:00,2022-07-14 21:10:00,2.26648680766424,3.42510828971862,3.2381317615509,3.09484941164652,2.26648680766424,0.666666666666667,2022-07-15 03:10:00,2022-07-14 19:30:00,2022-07-15 03:10:00,-0.1,"uw",0.2,"N","N",NA,"N",7
"299",75,"uw",2022-07-15 14:30:00,2022-07-15 23:20:00,33.0237361590068,70.2765975952149,53.6771985054016,40.8053271770477,20.705157327652,8.83333333333333,2022-07-16 05:20:00,2022-07-15 13:30:00,2022-07-15 16:55:00,27.9,"uw",27.8,"N","Y",2.41666666666667,"Y",7
"300",76,"uw",2022-07-16 14:00:00,2022-07-16 16:10:00,12.0508229171236,25.8955699920654,18.7239067077637,13.9208829243978,7.66878239313761,2.16666666666667,2022-07-16 22:10:00,2022-07-16 13:00:00,2022-07-16 14:15:00,5,"uw",0,"N","N",NA,"N",7
"301",77,"uw",2022-07-22 20:10:00,2022-07-22 20:20:00,1.66560985445976,5.50253573656082,4.99682956337929,3.33121970891953,1.66560985445976,0.166666666666667,2022-07-23 02:20:00,2022-07-22 19:10:00,2022-07-22 19:35:00,5.2,"uw",0,"N","N",NA,"N",7
"302",78,"uw",2022-07-23 17:30:00,2022-07-23 19:10:00,1.14957528313001,4.87347164154053,2.43673582077026,1.62449054718018,0.812245273590088,1.66666666666667,2022-07-24 01:10:00,2022-07-23 16:30:00,2022-07-23 16:45:00,5.5,"uw",0,"N","N",NA,"N",7
"303",79,"uw",2022-07-24 11:10:00,2022-07-24 14:40:00,3.04318743546804,5.67449035644531,5.09100940227508,4.66837218602498,2.6952164888382,3.5,2022-07-24 20:40:00,2022-07-24 10:10:00,2022-07-24 18:45:00,5.3,"uw",0,"N","N",NA,"N",7
"304",80,"uw",2022-07-27 17:30:00,2022-07-27 20:00:00,17.1454703000685,56.4622539520264,42.9784355163575,32.3261122917136,16.1630561458568,2.5,2022-07-28 02:00:00,2022-07-27 16:30:00,2022-07-27 20:00:00,9.9,"uw",4,"N","Y",NA,"N",7
"305",81,"uw",2022-08-01 14:10:00,2022-08-01 15:20:00,3.83559309244156,3.95804347991943,3.6836401939392,3.25454988479614,3.06873938242594,1.16666666666667,2022-08-01 21:20:00,2022-08-01 13:10:00,2022-08-01 13:20:00,6.2,"uw",0,"N","N",NA,"N",8
"306",82,"uw",2022-08-03 14:20:00,2022-08-03 14:30:00,1.06113226016362,3.26178460121154,3.18339678049087,2.12226452032725,1.06113226016362,0.166666666666667,2022-08-03 20:30:00,2022-08-03 13:20:00,2022-08-03 17:30:00,5.9,"uw",0.100000000000001,"N","N",NA,"N",8
"307",83,"uw",2022-08-05 14:10:00,2022-08-05 16:20:00,11.3693061987559,16.9747020721436,15.9736268997193,14.5214674313863,10.0132288138072,2.16666666666667,2022-08-05 22:20:00,2022-08-05 13:10:00,2022-08-05 13:40:00,6.4,"uw",0.100000000000001,"N","N",NA,"N",8
"308",84,"uw",2022-08-13 12:50:00,2022-08-13 17:30:00,3.09831164379915,3.52421317100525,3.43438937664032,2.50652185281118,1.63582762181759,4.66666666666667,2022-08-13 23:30:00,2022-08-13 11:50:00,2022-08-13 12:35:00,6.5,"uw",0.0999999999999996,"N","N",NA,"N",8
"309",85,"uw",2022-08-14 15:10:00,2022-08-14 23:20:00,3.42333094080289,4.42073855400086,4.00418198108673,3.44882209698359,1.7244110484918,8.16666666666667,2022-08-15 05:20:00,2022-08-14 14:10:00,2022-08-14 16:40:00,6.4,"uw",0.2,"N","N",NA,"N",8
"310",86,"uw",2022-08-15 11:10:00,2022-08-15 21:40:00,31.1549831052621,20.4732431411743,16.0710322380066,13.9177755991618,9.96105531851451,10.5,2022-08-16 03:40:00,2022-08-15 10:10:00,2022-08-15 16:05:00,20.6,"uw",14.4,"N","Y",4.91666666666667,"Y",8
"311",87,"uw",2022-08-21 10:20:00,2022-08-21 11:50:00,16.656866256396,22.8398380279541,21.4126170158386,16.982289091746,13.6038305044174,1.5,2022-08-21 17:50:00,2022-08-21 09:20:00,2022-08-21 11:40:00,26.2,"uw",19.7,"N","Y",1.33333333333333,"Y",8
"312",88,"uw",2022-08-23 14:00:00,2022-08-23 14:20:00,5.37542293071746,15.6364292144775,13.3260142326355,10.7508458614349,5.37542293071746,0.333333333333333,2022-08-23 20:20:00,2022-08-23 13:00:00,2022-08-23 13:15:00,7.8,"uw",0,"N","N",NA,"N",8
"313",89,"uw",2022-08-24 13:50:00,2022-08-24 15:00:00,6.59781421820322,10.4262418746948,10.1533974409103,7.67455690701801,5.17578841050465,1.16666666666667,2022-08-24 21:00:00,2022-08-24 12:50:00,2022-08-24 13:25:00,7.4,"uw",0,"N","N",NA,"N",8
"314",90,"uw",2022-08-25 11:30:00,2022-08-25 14:00:00,6.51497224171956,16.870997428894,16.5708937644958,12.1542849222819,6.07714246114095,2.5,2022-08-25 20:00:00,2022-08-25 10:30:00,2022-08-25 13:45:00,7.2,"uw",0.100000000000001,"N","N",NA,"N",8
"315",91,"uw",2022-08-26 11:50:00,2022-08-26 12:10:00,2.52991072734197,9.07431478500364,6.53335652351378,5.05982145468393,2.52991072734197,0.333333333333333,2022-08-26 18:10:00,2022-08-26 10:50:00,2022-08-26 11:40:00,7,"uw",0,"N","N",NA,"N",8
"316",92,"uw",2022-08-28 15:00:00,2022-08-28 15:30:00,3.15639994939168,6.72344331741333,5.49914083480835,4.90229986508687,3.15639994939168,0.5,2022-08-28 21:30:00,2022-08-28 14:00:00,2022-08-28 14:40:00,7.4,"uw",0,"N","N",NA,"N",8
"317",93,"uw",2022-08-31 14:40:00,2022-08-31 14:50:00,2.07007066408793,6.58302440643311,6.2102119922638,4.14014132817587,2.07007066408793,0.166666666666667,2022-08-31 20:50:00,2022-08-31 13:40:00,2022-08-31 13:45:00,6.6,"uw",0,"N","N",NA,"N",8
"318",94,"uw",2022-09-14 11:50:00,2022-09-14 16:40:00,5.98448604742686,3.97359461784364,3.94394292831421,3.86685268084208,3.56904300053914,4.83333333333333,2022-09-14 22:40:00,2022-09-14 10:50:00,2022-09-14 16:00:00,-0.2,"uw",0,"N","N",NA,"N",9
"319",95,"uw",2022-09-15 09:30:00,2022-09-15 09:50:00,1.17902297178904,2.51134881973266,2.44483926296234,2.35804594357808,1.17902297178904,0.333333333333333,2022-09-15 15:50:00,2022-09-15 08:30:00,2022-09-15 15:00:00,-0.1,"uw",0.3,"N","N",NA,"N",9
"320",96,"uw",2022-09-16 11:50:00,2022-09-16 17:40:00,2.36697261333466,5.98460025787353,4.81546348333359,3.99987022082011,1.99993511041005,5.83333333333333,2022-09-16 23:40:00,2022-09-16 10:50:00,2022-09-16 16:00:00,0,"uw",0.2,"N","N",NA,"N",9
"321",97,"uw",2022-09-21 14:00:00,2022-09-21 18:10:00,8.86983351310094,6.01308012008667,5.572425365448,5.30299059549967,4.65857615470886,4.16666666666667,2022-09-22 00:10:00,2022-09-21 13:00:00,2022-09-21 13:00:00,-0.3,"uw",0,"N","N",NA,"N",9
"322",98,"uw",2022-09-27 11:10:00,2022-09-27 16:00:00,4.38280026714007,5.63073196411133,4.41114611625671,3.70850551923116,2.19275308450063,4.83333333333333,2022-09-27 22:00:00,2022-09-27 10:10:00,2022-09-27 15:00:00,-0.1,"uw",0,"N","N",NA,"N",9
"323",99,"uw",2022-09-30 12:20:00,2022-09-30 13:40:00,2.33197861115138,4.4933497428894,3.4936839222908,3.11123652458191,1.55561826229095,1.33333333333333,2022-09-30 19:40:00,2022-09-30 11:20:00,2022-09-30 14:00:00,-0.2,"uw",0.1,"N","N",NA,"N",9
