Lab ID#,Sample #,Corrected Site ID,csu_id,Treatment,DATE,TIME,l/s,DOC,TDN,pH,ANC,EC,Na,NH4,K,Mg,Ca,F,Cl,NO3,PO4,SO4,DON,ALK,%ION,DIFF,% COND,COND,COLLECTION NOTES,LAB NOTES
ET 1,1,PASS CREEK 1,p1,,6/2/22,915,,3.19,0.13,7.33,435.04,44.93,1.45,0.01,0.48,0.89,5.57,0.02,0.19,0.02,0,2.23,0.12,374.34,OK,-0.75,OK,44.59,No TSS + Turb,
ET 2,2,PASS CREEK 2,p2,,6/2/22,1010,,2.66,0.14,7.29,1188.95,163.74,12.25,0.01,0.6,3.22,17.21,0.03,1.38,0.06,0,19.69,0.11,1222.08,OK,2.74,OK,168.23,No TSS + Turb,
ET 3,3,PASS CREEK 3,,,6/2/22,1100,,2.76,0.44,7.35,1442.71,225.93,16.1,0.23,10.89,3.12,20.2,0.07,5.15,0.89,0,18.86,0.06,1691.52,OK,-1.51,OK,222.52,No TSS + Turb,
ET 4,4,HIGHER UNMULCH 1,,Unmulched,6/2/22,950,,3.08,0.16,7.36,1000.84,116.21,20.8,0.17,1.96,1.68,6.4,0.06,4.3,0.01,0,2.95,0.03,1229.85,OK,10.84,OK,128.82,No TSS + Turb,
ET 5,5,HIGHER UNMULCH,hum,Unmulched,6/2/22,1045,,2.64,0.82,7.46,1213.43,158.3,19.34,0.02,0.87,2.36,12.3,0.24,4.74,2.84,0,7.06,0.16,1345.14,OK,1.5,OK,160.67,No TSS + Turb,
ET 6,6,HIGHER UNMULCH 2,,Unmulched,6/2/22,1130,,3.74,0.26,7.56,1416.22,161.17,19.84,0.2,0.99,2.92,11.92,0.06,4.64,0.02,0,2.63,0.1,1537.28,OK,0.88,OK,162.59,No TSS + Turb,
ET 7,7,HIGHER MULCH,hm,Mulched,6/2/22,1200,,3.11,0.17,7.46,1475.79,152.52,19.22,0.03,0.78,2.52,13.54,0.06,4.56,0,0,2.51,0.15,1557.98,OK,8.23,OK,165.07,No TSS + Turb,
ET 8,8,TRAIL CREEK,mum,Unmulched,6/2/22,1300,,3.99,0.27,7.93,1698.22,167.73,19.58,0.02,0.5,2.82,16.34,0.17,4.5,0.11,0,3.49,0.22,1710.44,OK,10.21,OK,184.85,No TSS + Turb,
ET 9,9,DENVER CREEK,mm,Mulched,6/2/22,1300,,3.08,0.5,7.47,1452.84,158.38,19.4,0.05,2.33,2.44,12.96,0.06,6.77,2,0,4.26,0.01,1438.83,OK,10.66,OK,175.27,No TSS + Turb,
ET 10,10,KAUFFMAN CREEK,mpm,Partially Mulched,6/2/22,1315,,2.87,0.91,7.38,1400.06,154.49,19.18,0.03,1.55,2.26,11.98,0.06,4.8,3.41,0,2.65,0.12,1412.19,OK,5.4,OK,162.83,No TSS + Turb,
ET 11,11,BEDROCK X 125,,,6/2/22,1330,,4.81,0.28,7.83,1654.85,188.55,21.56,0.03,0.77,2.72,15.1,0.06,4.82,0.03,0,7.91,0.25,1633.7,OK,1.42,OK,191.22,No TSS + Turb,
ET 12,12,MIDDLE UNBURNED,mub,Unburned Control,6/2/22,1315,,4.12,0.15,7.76,1720.27,176.16,21.16,0.03,0.24,2.56,14.66,0.06,4.45,0.01,0,4.3,0.13,1653.54,OK,4.64,OK,184.33,No TSS + Turb,
ET 17,17,PASS CREEK 1,p1,,6/20/22,900,13.3,2.63,0.14,7.28,497.34,64.69,1.76,0.01,0.58,2.04,11,0.06,0.19,0.02,0,2.73,0.13,745.75,OK,4.2,OK,67.41,No TSS + Turb,
ET 18,18,HIGHER UNMULCH 1,,Unmulched,6/20/22,942,,3.33,0.12,7.48,1314.32,156.06,19.32,0.04,0.89,2.88,12.04,0.07,4.33,0.01,0,5.31,0.09,1468.16,OK,2.29,OK,159.64,No TSS + Turb,
ET 19,19,PASS CREEK 2,p2,,6/20/22,1000,,1.23,0.09,7.02,1217.29,181.3,17.02,0.03,0.56,3.54,18.46,0.05,0.65,0.06,0,25.33,0.06,1420.5,OK,5.27,OK,190.86,No TSS + Turb,
ET 20,20,PASS CREEK 2,p2,,6/20/22,1000,,1.38,0.1,7.05,1239.89,181.67,14.86,0.02,0.55,3.58,19.58,0.09,0.64,0.06,0,24.71,0.08,1398.76,OK,4.19,OK,189.27,No TSS + Turb,
ET 21,21,HIGHER UNMULCH,hum,Unmulched,6/20/22,1015,112.6,1.98,0.47,7.4,1484.74,164.76,16.3,0.02,0.33,2.52,15.98,0.07,2.42,1.45,0,9.56,0.13,1431.44,OK,4.56,OK,172.27,No TSS + Turb,
ET 22,22,BURN PILE MARSH WILLOW CK (BY PASS 3),,,6/20/22,1030,,8.5,2.62,7,1733.02,162.68,18.18,0.16,0.8,2.22,14.86,0.01,4.17,0.04,0.23,2.61,2.48,1562.83,OK,8.37,OK,176.3,No TSS + Turb,
ET 23,23,PASS CREEK 3,,,6/20/22,1035,,1.82,0.3,7.2,1345.74,202.75,17.42,0.02,10.45,2.46,15.4,0.08,4.68,0.44,0,17.67,0.18,1488.94,OK,-0.8,OK,201.12,No TSS + Turb,
ET 24,24,HIGHER UNMULCH 2,,Unmulched,6/20/22,1100,,4.2,0.17,7.57,1547.28,171.68,20.12,0.02,0.91,3.32,14.7,0.04,4.46,0.02,0,4.13,0.15,1692.95,OK,4.02,OK,178.59,No TSS + Turb,
ET 25,25,TRAIL CREEK,mum,Unmulched,6/20/22,1210,25.1,3.8,0.21,7.43,1826.14,171.39,21.02,0.03,0.5,2.86,14.06,0.11,4.23,0.05,0.16,3.31,0.17,1674.88,OK,9.01,OK,186.82,No TSS + Turb,
ET 26,26,WILLOW CREEK BELOW TRAIL,,Mainstem Willow,6/20/22,1218,,2.98,0.25,7.28,1372.76,161.64,19.38,0.06,0.53,2.86,13.52,0.04,4.58,0.24,0,6.98,0.16,1488.21,OK,4.41,OK,168.77,No TSS + Turb,
ET 27,27,KAUFFMAN CREEK,mpm,Partially Mulched,6/20/22,1240,653.4,2.65,0.57,7.1,1367.47,148.06,19.46,0.02,0.49,2.52,12.1,0.04,4.56,1.56,0,3.94,0.2,1434.44,OK,8.41,OK,160.52,No TSS + Turb,
ET 28,28,WILLOW CREEK BELOW DENVER,,Mainstem Willow,6/20/22,1300,,2.99,0.24,7.29,1578.85,158.97,19.64,0.03,0.49,2.86,12.24,0.09,4.52,0.24,0,6.43,0.17,1447.74,OK,9.35,OK,173.83,No TSS + Turb,
ET 29,29,DENVER CREEK,mm,Mulched,6/20/22,1315,232.8,3.11,0.25,7.27,1595.8,180.11,20.24,0.02,0.59,2.7,12.68,0.09,6.68,0.22,0.23,5.36,0.19,1446.81,OK,-0.31,OK,179.55,No TSS + Turb,
ET 30,30,MIDDLE UNBURNED,mub,Unburned Control,6/20/22,1345,51.1,3.57,0.12,7.51,1819.99,196.69,21.3,0.04,0.21,3.1,18.52,0.1,4.34,0.01,0,6.6,0.09,1851.1,OK,3.83,OK,204.22,No TSS + Turb,
ET 31,31,COVER MULCH 1 HALL CREEK,,Mulched,6/20/22,1430,,3.66,0.31,7.52,1741.12,186.12,21.28,0.03,0.55,2.88,16.38,0.1,4.57,0.17,0.15,7.76,0.25,1700.8,OK,6.02,OK,197.32,No TSS + Turb,
ET 32,32,LOWER WILLOW CREEK,,Mainstem Willow,6/20/22,1440,,3.23,0.18,7.43,1641.93,187.95,20.42,0.02,0.54,2.88,15.2,0.09,4.63,0.12,0,7.24,0.14,1614.18,OK,-0.33,OK,187.34,No TSS + Turb,
ET 33,33,LOWER PARTIALLY MULCH,lpm,Partially Mulched,6/20/22,1450,,5.15,0.23,7.88,2243.86,233.78,19.84,0.04,0.45,4.04,23.44,0.05,4.64,0.05,0.19,10.44,0.19,2027.48,OK,3.85,OK,242.77,No TSS + Turb,
ET 34,34,LOWER MULCH 2,lm,Mulched,6/20/22,1500,,6.15,0.25,8.09,2223.23,234.46,17.8,0.03,0.62,4.86,26.64,0.11,4.54,0.07,0.15,7.94,0.21,2224.75,OK,4.66,OK,245.38,No TSS + Turb,
ET 35,35,LOWER UNMULCH,lum,Unmulched,6/20/22,1100,,7.16,0.3,8.25,2361.71,262.8,19.23,0.03,0.36,5.61,28.56,0.06,4.74,0.32,0.19,15.26,0.2,2275.76,OK,4.02,OK,273.36,No TSS + Turb,
ET 36,36,PASS CREEK 4,,,6/20/22,1130,,1.78,0.17,7.15,1485.87,204.65,17.99,0.01,10.45,3.2,17.67,0.08,4.8,0.3,0,17.06,0.09,1699.2,OK,5.72,OK,216.37,No TSS + Turb,
ET 37,37,PASS CREEK 1,p1,,7/12/22,905,31.22,1.81,0.03,6.95,687.08,76.6,1.67,0.01,0.53,1.78,11.21,0.07,1.35,0.02,0,4.26,0.02,664.63,OK,4.04,OK,79.7,No TSS + Turb,
ET 38,38,HIGHER UNMULCH 1,,Unmulched,7/12/22,1105,,2.95,0.28,6.92,1008.55,141.13,19.77,0.03,1.46,3,13.21,0.07,4.41,0.16,0,4.92,0.22,1573.7,OK,7.41,OK,151.58,No TSS + Turb,
ET 39,39,PASS CREEK 2,p2,,7/12/22,1110,,1.85,0.14,6.96,470.99,112.31,8.76,0.02,0.62,3.03,12.31,0.06,1.98,0.07,0,19.6,0.1,795.29,OK,4.43,OK,117.29,No TSS + Turb,
ET 40,40,HIGHER MULCH,hm,Mulched,7/12/22,1120,10.7,0.88,0.21,6.94,900.13,118.26,15.44,0.02,0.32,2.58,10.23,0.09,1.4,0.87,0,8.77,0,1166.36,OK,6.74,OK,126.23,No TSS + Turb,
ET 41,41,HIGHER UNMULCH,hum,Unmulched,7/12/22,1225,40.07,1.76,0.25,6.82,784.56,105.63,12.31,0.03,1.02,3,9.87,0.09,0.37,0.19,0,3.24,0.18,1220.06,OK,-0.25,OK,105.36,No TSS + Turb,
ET 42,42,TRAIL CREEK,mum,Unmulched,7/12/22,1325,13.8,2.17,0.2,6.89,1134.56,107.62,9.68,0.03,0.9,2.89,9.89,0.03,0.17,0.09,0,3.33,0.16,1098.88,OK,5.94,OK,114,No TSS + Turb,
ET 43,43,KAUFFMAN CREEK,mpm,Partially Mulched,7/12/22,1405,,2.11,0.31,6.76,661.86,68.03,1.9,0.03,0.69,2,8.77,0.09,0.39,0.61,0,3.65,0.15,605.04,OK,5.4,OK,71.7,No TSS + Turb,
ET 44,44,DENVER CREEK,mm,Mulched,7/12/22,1455,,3.13,0.63,6.86,1279.52,141.39,18.8,0.02,0.58,2.51,12.22,0.06,0.65,0.9,0,6.04,0.41,1490.32,OK,5.89,OK,149.71,No TSS + Turb,
ET 45,45,LOWER PARTIALLY MULCH,lpm,Partially Mulched,7/12/22,1545,,2.98,0.56,6.94,1276.92,142.37,11.45,0.03,0.68,2.58,12.47,0.03,0.77,1.06,0,10.18,0.29,1098.61,OK,-0.5,OK,141.65,No TSS + Turb,
ET 46,46,LOWER MULCH 2,lm,Mulched,7/21/22,925,,2.47,0.26,7.08,1885.96,192.85,16.3,0.03,0.47,4.41,18.41,0.04,0.52,0.14,0,8.21,0.21,1814.39,OK,1.64,OK,196.02,,
ET 47,47,LOWER PARTIALLY MULCH,lpm,Partially Mulched,7/21/22,945,,2.58,0.42,6.98,1356.23,142.49,11.56,0.02,0.66,2.62,13.46,0.03,0.61,1.17,0,10.11,0.13,1160.84,OK,3.65,OK,147.69,,
ET 48,48,LOWER UNMULCH ,lum,Unmulched,7/21/22,1005,,2.05,0.44,7.2,2147.57,253.55,23.09,0.03,3,4.4,26.54,0.03,0.72,0.68,0,16.26,0.26,2397.59,OK,2.76,OK,260.54,,
ET 49,49,MIDDLE UNBURNED,mub,Unburned Control,7/21/22,1045,19.95,1.38,0.05,6.84,1053.1,138.62,15.43,0.04,0.38,3.21,12.31,0.08,1.33,0.04,0,9.44,0,1324.56,OK,1.55,OK,140.77,,
ET 50,50,DENVER CREEK,mm,Mulched,7/21/22,1155,,3.33,0.74,6.72,1221.89,140.12,18.24,0.03,0.63,2.49,11.28,0.05,0.65,0.82,0,5.91,0.53,1422.31,OK,2.32,OK,143.36,,
ET 51,51,KAUFFMAN CREEK,mpm,Partially Mulched,7/21/22,1215,,2.18,0.35,6.75,750.01,70.11,1.96,0.04,0.76,2.12,8.35,0.09,0.35,0.79,0,3.53,0.14,598.92,OK,7.21,OK,75.16,,
ET 52,52,TRAIL CREEK,mum,Unmulched,7/21/22,1245,12.05,1.94,0.11,6.89,1146.81,110.89,7.81,0.03,0.94,2.78,9.95,0.03,0.17,0.08,0,3.29,0.07,1014.2,OK,-0.53,OK,110.31,,
ET 53,53,WILLOW CREEK BELOW TRAIL,,Mainstem Willow,7/21/22,1320,,2.23,0.19,6.79,1175.52,141.32,17.65,0.06,0.49,2.45,12.34,0.03,0.86,0.27,0,6.66,0.08,1430.12,OK,1.47,OK,143.4,,
ET 54,54,HIGHER UNMULCH 2,,Unmulched,7/21/22,1330,,2.44,0.18,6.81,1013.27,133.41,18.23,0.02,1.03,3.03,12.21,0.05,2.57,0.33,0,3.86,0.09,1519.69,OK,4.86,OK,139.9,,
ET 55,55,HIGHER UNMULCH,hum,Unmulched,7/21/22,1400,53.9,2.11,0.34,6.77,1090.48,107.93,11.23,0.03,1.04,2.66,9.89,0.09,0.74,0.73,0,3.33,0.15,1124.77,OK,8.19,OK,116.77,,
ET 56,56,HIGHER MULCH,hm,Mulched,7/21/22,1445,26.4,1.37,0.38,7.16,911.42,120.26,15.62,0.03,0.34,2.45,10.08,0.08,1.67,0.82,0,7.46,0.17,1177.26,OK,3.84,OK,124.88,,
ET 57,57,PASS CREEK 3,,,7/21/22,1445,,2.07,0.22,6.71,945.01,151.65,13.21,0.03,9.56,2.01,14.31,0.07,4.59,0.32,0,12.34,0.13,1306.72,OK,5.74,OK,160.34,,
ET 58,58,PASS CREEK 2,p2,,7/21/22,1520,,2.35,0.13,6.97,726.14,130.82,9.03,0.02,0.66,3.78,14.34,0.04,1.24,0.06,0,20.12,0.1,981.14,OK,4.24,OK,136.37,,
ET 59,59,HIGHER UNMULCH 1,,Unmulched,7/21/22,1540,,3.63,0.5,6.92,892.73,139.7,18.65,0.03,1.34,2.78,13.43,0.06,4.23,0.22,0,5.6,0.43,1504.82,OK,3.32,OK,144.33,,
ET 60,60,PASS CREEK 1,p1,,7/21/22,1555,37.95,1.95,0.11,7,674.51,78.35,1.64,0.01,0.58,1.95,11.32,0.06,0.47,0.03,0,3.89,0.1,716.46,OK,-0.88,OK,77.67,,
ET 61,61,LOWER MULCH 2,lm,Mulched,8/4/22,920,,2.57,0.53,6.97,1891.25,194.74,17.28,0.03,0.49,4.28,18.34,0.06,0.59,0.15,0,7.89,0.47,1848.5,OK,1.35,OK,197.38,,
ET 62,62,LOWER PARTIALLY MULCH,lpm,Partially Mulched,8/4/22,930,,2.91,0.36,6.92,1304.61,142.66,11.78,0.03,0.68,2.66,13.83,0.03,0.89,0.89,0,10.23,0.14,1186.83,OK,3.44,OK,147.57,,
ET 63,63,LOWER UNMULCH ,lum,Unmulched,8/4/22,955,,2.61,0.45,7.12,2150.57,261.03,24.34,0.05,3.13,4.56,27.49,0.03,0.74,0.59,0,14.33,0.29,2556.58,OK,1.06,OK,263.79,,
ET 64,64,WILLOW CREEK BELOW DENVER,,Mainstem Willow,8/4/22,1045,,4.09,0.46,6.93,1268.04,147.16,17.4,0.02,0.47,2.77,11.21,0.09,4.24,0.19,0,6.22,0.4,1303.76,OK,2.94,OK,151.49,,
ET 65,65,MIDDLE UNBURNED,mub,Unburned Control,8/4/22,1010,,1.26,0.06,6.89,1102.3,141.4,12.3,0.03,0.37,3.88,14.31,0.09,1.23,0.03,0,6.51,0.02,1407.38,OK,-1.41,OK,139.4,,
ET 66,66,DENVER CREEK,mm,Mulched,8/4/22,1035,,3.46,0.57,6.81,1298.73,139.64,17.67,0.03,0.66,2.59,11.34,0.04,0.79,0.24,0,5.67,0.49,1419.84,OK,4.05,OK,145.3,,
ET 67,67,KAUFFMAN CREEK,mpm,Partially Mulched,8/4/22,1055,52.48,2.69,0.22,6.8,723.52,72.44,1.98,0.05,0.78,2.14,8.58,0.07,0.35,0.68,0,3.55,0.03,616.39,OK,3.2,OK,74.76,,
ET 68,68,TRAIL CREEK,mum,Unmulched,8/4/22,1145,,2.2,0.09,6.95,1195.66,110.53,8.09,0.02,0.98,2.65,9.88,0.04,0.2,0.08,0,3.12,0.06,1016.19,OK,1.51,OK,112.19,,
ET 69,69,WILLOW CREEK BELOW TRAIL,,Mainstem Willow,8/4/22,1200,,3.05,0.28,6.89,1192.06,141.72,16.56,0.04,0.45,2.56,11.24,0.03,0.87,0.24,0,6.55,0.19,1338.04,OK,-1.87,OK,139.07,,
ET 70,70,HIGHER UNMULCH 2,,Unmulched,8/4/22,1215,,1.4,0.08,6.87,1153.26,137.91,17.67,0.04,1.12,2.96,11.83,0.06,2,0.19,0,3.78,0.01,1493.32,OK,3.16,OK,142.27,,
ET 71,71,HIGHER MULCH,hm,Mulched,8/4/22,1230,13.15,2.24,0.24,7.19,1121.42,129.58,15.8,0.03,0.38,2.41,9.96,0.07,1.89,0.85,0,7.23,0.02,1174.37,OK,3.54,OK,134.17,,
ET 72,72,HIGHER UNMULCH,hum,Unmulched,8/4/22,1340,30.12,1.14,0.28,6.82,1051.26,107.18,10.87,0.02,0.96,2.64,9.75,0.08,0.78,0.14,0,3.23,0.23,1109.65,OK,5.36,OK,112.92,,
ET 73,73,PASS CREEK 4,,,8/4/22,1230,,1.87,0.58,6.98,1631.81,210.77,16.51,0.02,10.68,3.31,17.44,0.08,4.81,0.24,0,17.2,0.51,1635.9,OK,4.38,OK,220,,
ET 74,74,PASS CREEK 3,,,8/4/22,1340,,2.06,0.25,6.74,1025.9,170.25,14.34,0.04,8.77,1.96,14.23,0.05,4.38,0.3,0,14.61,0.15,1286.45,OK,-1.7,OK,167.36,,
ET 75,75,PASS CREEK 2,p2,,8/4/22,1350,,2.27,0.17,6.98,934.87,146.48,9.12,0.03,0.72,4.23,15,0.06,1.44,0.07,0,17.51,0.13,1105.11,OK,-0.44,OK,145.84,,
ET 76,76,HIGHER UNMULCH 1,,Unmulched,8/4/22,1410,,3.9,0.19,7.1,1060.72,155.79,19.78,0.02,1.48,3.12,13.76,0.05,4.48,0.18,0,5.78,0.13,1592.3,OK,0.92,OK,157.22,,
ET 77,77,PASS CREEK 1,p1,,8/4/22,1415,32.18,1.62,0.16,6.93,742.93,79.45,1.66,0.01,0.58,1.99,11.35,0.06,0.46,0.04,0,3.88,0.14,723.25,OK,1.86,OK,80.94,,
ET 78,78,LOWER PARTIALLY MULCH,lpm,Partially Mulched,8/17/22,9:50,,2.52,0.54,6.95,1289.17,145.65,12.71,0.03,0.72,2.68,14.21,0.03,0.99,1,0,10.34,0.29,1241.69,OK,3.32,OK,150.49,,
ET 79,79,LOWER UNMULCH ,lum,Unmulched,8/17/22,10:10,,2.42,0.34,7.11,2121.13,254,24.88,0.07,3.3,4.58,26.89,0.03,0.7,0.58,0,13.45,0.16,2576.23,OK,2.83,OK,261.2,,
ET 80,80,MIDDLE UNBURNED,mub,Unburned Control,8/17/22,10:35,,1.25,0.25,6.96,1248.84,142.46,12.88,0.02,0.39,2.21,15.45,0.07,1.45,0.03,0,6.78,0.22,1340.47,OK,1.37,OK,144.42,,
ET 81,81,DENVER CREEK,mm,Mulched,8/17/22,11:10,,4.45,0.33,6.75,1210.17,132.12,16.56,0.03,0.68,2.41,11.21,0.03,0.72,0.28,0,5.59,0.24,1354.04,OK,4.39,OK,137.92,,
ET 82,82,WILLOW CREEK BELOW DENVER,,Mainstem Willow,8/17/22,11:15,,4.01,0.4,6.98,956.22,129.2,15.39,0.03,0.46,2.41,10.41,0.08,4.12,0.19,0,6,0.34,1154.71,OK,0.3,OK,129.59,,
ET 83,83,KAUFFMAN CREEK,mpm,Partially Mulched,8/17/22,11:30,81.99,4,0.4,6.73,708.81,72.14,1.95,0.03,0.86,2.12,8.8,0.05,0.39,0.68,0,3.45,0.22,625.81,OK,3.25,OK,74.48,,
ET 84,84,TRAIL CREEK,mum,Unmulched,8/17/22,12:45,,2.19,0.2,6.95,1252.98,111.05,8.12,0.02,0.96,2.79,9.77,0.03,0.29,0.08,0,3.08,0.16,1020.76,OK,3.66,OK,115.11,,
ET 85,85,WILLOW CREEK BELOW TRAIL,,Mainstem Willow,8/17/22,13:00,,3.37,0.33,6.85,1154.21,130.54,15.43,0.03,0.42,2.66,11.87,0.03,0.89,0.25,0,6.41,0.24,1330.53,OK,4.79,OK,136.8,,
ET 86,86,HIGHER UNMULCH 2,,Unmulched,8/17/22,13:15,,3.36,0.33,6.78,1099.03,140.1,16.41,0.03,1.08,2.88,11.76,0.08,2.11,0.13,0,3.65,0.27,1427.71,OK,-2.47,OK,136.64,,
ET 87,87,HIGHER MULCH,hm,Mulched,8/17/22,13:35,,3.13,0.68,7.08,1151.99,137.89,15.24,0.02,0.41,2.51,10.21,0.01,1.77,0.87,0,7.43,0.46,1170.45,OK,-1.77,OK,135.44,,
ET 88,88,PASS CREEK 4,,,8/17/22,13:30,,3.21,0.16,6.92,1520.1,207.03,16.44,0.02,10.77,3.41,17.31,0.06,4.75,0.23,0,17.19,0.09,1639.25,OK,3.88,OK,215.07,,
ET 89,89,HIGHER UNMULCH,hum,Unmulched,8/17/22,14:00,22.78,1.89,0.63,6.69,1007.36,106.31,10.3,0.02,1.03,2.61,9.88,0.07,0.8,0.15,0,3.39,0.58,1086.52,OK,3.88,OK,110.44,,
ET 90,90,PASS CREEK 3,,,8/17/22,14:15,,3.01,1.05,6.59,1062.36,157.18,14.3,0.03,9.09,1.95,14.3,0.04,4.12,0.29,0,12.34,0.96,1351.01,OK,5.43,OK,165.71,,
ET 91,91,PASS CREEK 2,p2,,8/17/22,14:20,,3.07,0.17,6.95,1011.81,153.76,9.44,0.03,0.75,4.49,15.89,0.04,1.47,0.08,0,16.55,0.12,1204.39,OK,-1.23,OK,151.88,,
ET 92,92,HIGHER UNMULCH 1,,Unmulched,8/17/22,14:30,,5.54,0.58,6.93,1086.82,151.19,20,0.04,1.55,3.23,13.78,0.06,4.56,0.2,0,5.74,0.51,1611.32,OK,5.55,OK,159.58,,
ET 93,93,PASS CREEK 1,p1,,8/17/22,14:35,,1.74,0.23,6.91,783.52,79.29,1.66,0.01,0.59,2.08,11.45,0.06,0.55,0.02,0,3.99,0.21,731,OK,5.5,OK,83.65,,
ET 94,94,LOWER PARTIALLY MULCH,lpm,Partially Mulched,9/5/22,940,,2.09,0.28,6.91,1560.75,158.85,9.52,0.05,0.79,2.96,19.32,0.03,0.6,1.06,0,9,0,1420.58,OK,5.34,OK,167.33,,
ET 95,95,LOWER UNMULCH ,lum,Unmulched,9/5/22,1000,,2.01,0.34,7.47,2068.48,236.05,9.66,0.06,0.69,5.21,35.11,0.09,0.66,1.05,0,13.72,0.05,2297.38,OK,4.34,OK,246.29,,
ET 96,96,MIDDLE UNBURNED,mub,Unburned Control,9/5/22,1040,,1.27,0.21,6.9,1368.61,159.55,9.21,0.07,0.27,3.15,22.95,0.05,0.94,0.03,0,8.56,0.15,1606.7,OK,4.31,OK,166.42,,
ET 97,97,DENVER CREEK,mm,Mulched,9/5/22,1100,,3.09,0.27,6.81,1159.02,123.77,14.72,0.01,0.88,1.84,10.89,0.02,0.61,0.24,0,5.36,0.21,1225.13,OK,3.73,OK,128.39,,
ET 98,98,WILLOW CREEK BELOW DENVER,,Mainstem Willow,9/5/22,1110,,2.67,0.06,6.98,1693.01,175.86,15.21,0.03,0.95,3.2,18.5,0.04,0.76,0.09,0,2.36,0.02,1800.55,OK,-1.31,OK,173.55,,
ET 99,99,KAUFFMAN CREEK,mpm,Partially Mulched,9/5/22,1135,23.8,2.82,0.11,6.78,829.8,83.51,5.11,0.03,0.96,2.18,8.59,0.05,0.49,0.17,0,2,0.05,796.79,OK,0.4,OK,83.84,,
ET 100,100,TRAIL CREEK,mum,Unmulched,9/5/22,1205,4.74,1.9,0.11,6.88,1224.44,110.07,5.45,0.03,0.55,3.09,12.31,0.03,0.24,0.05,0,3.24,0.08,1044.56,OK,4.75,OK,115.3,,
ET 101,101,WILLOW CREEK BELOW TRAIL,,Mainstem Willow,9/5/22,1245,,2.44,0.1,6.86,1087.05,116.91,9.14,0.08,0.84,3.35,12.17,0.03,0.76,0.13,0,4.35,0.01,1187.91,OK,3.84,OK,121.4,,
ET 102,102,HIGHER UNMULCH 2,,Unmulched,9/5/22,1320,,2.45,0.3,6.96,1244.71,122.93,15.63,0.05,1.45,2.46,10.09,0.06,1.67,0.09,0,2.14,0.25,1329.8,OK,8.1,OK,132.89,,
ET 103,103,HIGHER MULCH,hm,Mulched,9/5/22,1345,,2.07,0.19,6.96,1393.47,136.33,9.45,0.03,1.04,3.07,15.92,0.02,0.54,0.37,0,2.21,0.08,1417.5,OK,3.34,OK,140.88,,
ET 104,104,PASS CREEK 4,,,9/5/22,1350,,2.06,0.15,7,1306.1,167.4,12.65,0.05,9.73,2.35,15.09,0.06,3.51,0.06,0,9.99,0.09,1437.5,OK,3.06,OK,172.53,,
ET 105,105,HIGHER UNMULCH,hum,Unmulched,9/5/22,1400,17.6,1.11,0.12,6.82,938.5,97.19,7.3,0.02,0.81,2.52,9.33,0.07,1.15,0.18,0,3,0.07,913.31,OK,1.93,OK,99.06,,
ET 106,106,PASS CREEK 3,,,9/5/22,1430,,1.81,0.26,6.82,1491.02,187.72,13.95,0.03,9.97,3.02,19.42,0.05,2.93,0.32,0,7.18,0.16,1842.19,OK,2.52,OK,192.45,,
ET 107,107,PASS CREEK 2,p2,,9/5/22,1530,,2.46,0.22,6.99,1306.67,146.47,6.07,0.04,0.71,4.47,19.01,0.03,0.95,0.02,0,11.45,0.19,1333.12,OK,7.07,OK,156.82,,
ET 108,108,HIGHER UNMULCH 1,,Unmulched,9/5/22,1440,,3.55,0.4,6.98,1275.43,149.53,13.59,0.05,0.9,3.42,15.72,0.06,4.29,0.14,0,4.15,0.33,1470.41,OK,4.19,OK,155.8,,
ET 109,109,PASS CREEK 1,p1,,9/5/22,1500,,1.22,0.15,6.97,718.56,73.61,1.54,0.02,0.73,2.21,10.87,0.06,0.22,0.02,0,3.96,0.13,720.89,OK,7.44,OK,79.09,,
ET 110,110,LOWER PARTIALLY MULCH,lpm,Partially Mulched,10/18/22,1020,,1.43,0.35,6.98,2517.35,288.96,6.12,0.09,0.43,5.46,47.3,0.03,0.72,1.15,0,13.36,0.02,2769.57,OK,0.47,OK,290.32,,
ET 111,111,LOWER UNMULCH ,lum,Unmulched,10/18/22,1050,,1.4,0.4,7.65,2083.64,267.29,7.14,0.13,0.29,5.78,42.35,0.05,0.9,1.29,0,21.06,0.01,2422.3,OK,2.42,OK,273.76,,
ET 112,112,MIDDLE UNBURNED,mub,Unburned Control,10/18/22,1120,,0.8,0.21,6.93,1303.06,171.93,10.48,0.02,0.2,3.07,23.27,0.06,0.66,0.05,0,13.27,0.19,1579.3,OK,0.52,OK,172.82,,
ET 113,113,DENVER CREEK,mm,Mulched,10/18/22,1150,,2.33,0.27,6.8,811.71,103.8,5.21,0.08,0.35,2.31,15.36,0.02,0.7,0.76,0,7.08,0.03,1012.74,OK,5.09,OK,109.08,,
ET 114,114,WILLOW CREEK BELOW DENVER,,Mainstem Willow,10/18/22,1200,,1.73,0.1,6.82,971.02,118.14,5.9,0.04,0.56,2.68,14.9,0.03,1.07,0.24,0,5.84,0.02,1079.45,OK,-1.59,OK,116.26,,
ET 115,115,KAUFFMAN CREEK,mpm,Partially Mulched,10/18/22,1220,,1.88,0.23,6.81,868.06,132.81,10.45,0.01,4.92,2.39,11.88,1.13,8.63,0.91,0,3.51,0.01,1038.6,OK,0.89,OK,133.99,,
ET 116,116,TRAIL CREEK,mum,Unmulched,10/18/22,1250,,1.41,0.27,6.89,1088.62,116.16,6.08,0.05,0.66,2.91,18.08,0.02,0.62,0.03,0,4.11,0.23,1319.54,OK,9.65,OK,127.37,,
ET 117,117,WILLOW CREEK BELOW TRAIL,,Mainstem Willow,10/18/22,1300,,1.46,0.16,6.87,1050.52,123.95,6.3,0.1,0.42,3.11,17.42,0.02,0.87,0.31,2.02,6.55,0.01,1244.23,OK,4.45,OK,129.46,,
ET 118,118,HIGHER UNMULCH 2,,Unmulched,10/18/22,1320,,1.6,0.21,6.88,1361.34,143.15,7.27,0.03,1.1,4.34,17.34,0.04,0.83,0.05,0,3.27,0.17,1474.45,OK,1.53,OK,145.33,,
ET 119,119,HIGHER MULCH,hm,Mulched,10/18/22,1355,,1.27,0.14,6.83,842.39,101.64,3.94,0.03,0.51,3.04,15.43,0.02,0.64,0.41,0,2.71,0.02,1123.61,OK,2.11,OK,103.78,,
ET 120,120,PASS CREEK 4,,,10/18/22,1405,,1.82,0.5,6.84,849.87,123.93,4.61,0.03,10.54,2.76,15.51,0.04,1.74,0.17,0,9.05,0.43,1231.08,OK,8.6,OK,134.58,,
ET 121,121,HIGHER UNMULCH,hum,Unmulched,10/18/22,1425,,0.99,0.15,6.86,777.47,100.79,3.04,0.03,0.25,2.15,16.15,0.04,0.54,0.18,0,7.05,0.08,956.48,OK,2.13,OK,102.94,,
ET 122,122,PASS CREEK 3,,,10/18/22,1440,,1.38,0.23,6.8,785.16,122.38,4.15,0.03,10.35,2.22,14.9,0.04,1.44,0.32,0,9.63,0.13,1125.26,OK,3.9,OK,127.15,,
ET 123,123,PASS CREEK 2,p2,,10/18/22,1450,,1.48,0.14,7.02,1002.28,139.28,6.03,0.03,0.67,2.65,18.49,0.03,2.74,0.05,0,15.96,0.11,1009.91,OK,4.51,OK,145.56,,
ET 124,124,HIGHER UNMULCH 1,,Unmulched,10/18/22,1500,,2.44,0.25,7.02,1199.83,134.51,6.8,0.03,0.89,3.75,16.16,0.04,3.54,0.12,0,4.14,0.2,1245.69,OK,3.11,OK,138.7,,
ET 125,125,WILLOW CREEK BELOW TRAIL,,Mainstem Willow,4/24/23,,,2.89,0.83,7.19,669.93,86.68,3.2,0.04,0.44,2.34,13.21,0.17,1.33,2.3,0,4.55,0.28,832.61,OK,6.83,OK,92.59,,
ET 126,126,TRAIL CREEK,mum,Unmulched,4/24/23,,,2.29,1.11,7.17,769.57,94.09,5.2,0.03,0.54,1.78,12.31,0.27,1.3,2.35,0.73,4,0.55,842.49,OK,2.06,OK,96.03,,
ET 127,127,DENVER CREEK,mm,Mulched,4/24/23,,,2.65,1.19,6.81,686.95,101.22,3.89,0.04,0.34,1.88,12.2,0.02,5.34,2.37,0.52,6.88,0.62,609.71,OK,1.15,OK,102.39,,
ET 128,128,PASS CREEK 4 ,,,4/24/23,,,2.43,0.98,6.97,555.67,79.99,2.31,0.01,0.44,2,8.22,0.36,2.08,3.98,0.33,7.67,0.07,403.7,OK,-0.55,OK,79.55,,
ET 129,129,LOWER UNMULCH,lum,Unmulched,4/24/23,,,3.6,1.95,7,849.44,130.48,6.02,0.05,0.05,3.43,15.64,0,1.63,1.74,0,12.4,1.52,992.77,OK,-2.08,OK,127.77,,
ET 130,130,PASS CREEK 2,p2,,4/24/23,,,2.59,1.06,6.95,492.5,101.67,4.01,0.1,0.55,2.33,12.3,0.29,1.61,3.94,0.41,15.05,0.09,571.17,OK,0.98,OK,102.67,,
ET 131,131,LOWER PARTIALLY MULCH,lpm,Partially Mulched,4/24/23,,,3.36,1.88,7.02,1012.67,136.14,4.43,0.07,0.02,2.69,19.77,0,1.68,0.1,0.36,12.31,1.8,1095.45,OK,0.94,OK,137.42,,
ET 132,132,HIGHER UNMULCH 2 ,,Unmulched,4/24/23,,,3.18,1.14,7.1,1100.62,128.37,5.67,0.08,0.3,2.36,17.68,0.21,2.72,1.84,0,4.22,0.67,1136.52,OK,1.36,OK,130.11,,
ET 133,133,WILLOW CREEK BELOW DENVER,,Mainstem Willow,4/24/23,,,2.74,0.96,7.18,948.19,108.12,4.56,0.06,0.31,2.36,13.83,0.21,1.31,2.34,0.27,7.61,0.38,856.39,OK,5.08,OK,113.61,,
ET 134,134,KAUFFMAN CREEK,mpm,Partially Mulched,4/24/23,,,3.1,1.28,7.18,790.44,83.3,3.01,0.03,0.28,1.83,11.12,0,0.07,1.89,0.37,4.56,0.83,715.71,OK,3.86,OK,86.51,,
ET 135,135,LOWER MULCH 2,lm,Mulched,5/10/23,9:15,,2.66,0.78,6.99,720.52,92.3,3.05,0.04,0.16,2.01,12.89,0.11,1.19,2.14,0.26,6.92,0.26,732.8,OK,2.77,OK,94.86,Pass Creek 1 still snowed over with no flow,
ET 136,136,LOWER PARTIALLY MULCH,lpm,Partially Mulched,5/10/23,9:30,,2.96,1.03,7.06,715.55,100.32,2.82,0.05,0.13,1.86,13.78,0.11,1.02,2.6,0.28,7.81,0.41,732.95,OK,-2.96,OK,97.35,Pass Creek 1 still snowed over with no flow,
ET 137,137,LOWER UNMULCH ,lum,Unmulched,5/10/23,9:35,,2.34,1.19,7.19,1076.62,153.17,3.93,0.05,0.19,3.21,22.81,0.13,1.27,4,0.31,14.4,0.25,1177.65,OK,1.9,OK,156.08,Pass Creek 1 still snowed over with no flow,
ET 138,138,MIDDLE UNBURNED,mub,Unburned Control,5/10/23,9:40,,2.63,0.44,7.32,612.18,83.21,3.06,0.01,0.25,1.72,11.8,0.12,0.96,1.01,0.24,7.02,0.2,679.7,OK,1.57,OK,84.52,Pass Creek 1 still snowed over with no flow,
ET 139,139,DENVER CREEK,mm,Mulched,5/10/23,10:05,,3.33,1.49,6.86,362.85,64.28,2.24,0.05,0.25,1.39,8.54,0.08,1.51,4.16,0,6.22,0.51,405.28,OK,2.94,OK,66.18,Pass Creek 1 still snowed over with no flow,
ET 140,140,WILLOW CREEK BELOW DENVER,,Mainstem Willow,5/10/23,10:10,,3.32,1.29,6.86,361.97,63.36,2.24,0.03,0.26,1.36,7.92,0.11,1.48,4.04,0.24,6.12,0.35,376.64,OK,1,OK,63.99,Pass Creek 1 still snowed over with no flow,
ET 141,141,KAUFFMAN CREEK,mpm,Partially Mulched,5/10/23,10:15,,3.15,1.09,6.88,379.43,58.71,1.97,0.04,0.24,1.29,7.41,0.1,1.03,2.71,0,4.41,0.44,402.68,OK,-2.1,OK,57.47,Pass Creek 1 still snowed over with no flow,
ET 142,142,TRAIL CREEK,mum,Unmulched,5/10/23,10:25,,2.64,0.29,6.94,438.23,54.45,2.32,0.04,0.2,1.23,7.34,0.11,0.85,0.7,0.31,3.8,0.1,458.81,OK,4.06,OK,56.66,Pass Creek 1 still snowed over with no flow,
ET 143,143,WILLOW CREEK BELOW TRAIL,,Mainstem Willow,5/10/23,10:30,,3.82,0.81,6.88,397.86,59.37,1.89,0.03,0.28,1.49,7.59,0.04,2.23,2.03,0.23,4.55,0.33,400.09,OK,3.35,OK,61.36,Pass Creek 1 still snowed over with no flow,
ET 144,144,HIGHER UNMULCH 2,,Unmulched,5/10/23,10:45,,3.11,1.25,6.84,525.15,80.41,1.81,0.04,0.33,1.36,12.27,0.03,2.35,3.72,0,5.68,0.38,566.33,OK,2.58,OK,82.49,Pass Creek 1 still snowed over with no flow,
ET 145,145,HIGHER MULCH,hm,Mulched,5/10/23,10:50,,2.42,1.25,6.82,299.51,49.13,1.48,0.03,0.26,1.06,6.49,0.03,1.26,3.81,0.26,4.08,0.36,299.43,OK,3.78,OK,50.99,Pass Creek 1 still snowed over with no flow,
ET 146,146,PASS CREEK 4,,,5/10/23,10:55,,2.96,1.27,6.74,323.6,57.51,1.81,0.02,0.33,1.31,7.27,0.03,2.23,3.78,0.23,5.68,0.4,315.63,OK,4.83,OK,60.29,Pass Creek 1 still snowed over with no flow,
ET 147,147,HIGHER UNMULCH,hum,Unmulched,5/10/23,11:00,,2.03,2.12,6.76,363.02,69.86,1.49,0.04,0.28,1.34,9.8,0.09,1.21,7.17,0,7.54,0.47,363.93,OK,3.87,OK,72.56,Pass Creek 1 still snowed over with no flow,
ET 148,148,PASS CREEK 3,,,5/10/23,11:05,,3.3,1.33,6.77,355.35,59.18,1.83,0.03,0.36,1.29,7.5,0.03,2.3,3.3,0.23,5.98,0.56,326.18,OK,5.32,OK,62.33,Pass Creek 1 still snowed over with no flow,
ET 149,149,PASS CREEK 2,p2,,5/10/23,11:10,,3.32,1.03,6.73,365.87,70.06,2.3,0.04,0.4,1.34,7.5,0.03,3.78,2.51,0,7.15,0.43,298.08,OK,-2.9,OK,68.03,Pass Creek 1 still snowed over with no flow,
ET 150,150,HIGHER UNMULCH 1,,Unmulched,5/10/23,11:15,,3.76,0.74,7.02,273.45,42.68,1.25,0.03,0.37,1.35,5.59,0.09,0.76,2.01,0,4.15,0.26,313.22,OK,6.03,OK,45.25,Pass Creek 1 still snowed over with no flow,NO3 Confirmed
ET 151,151,PASS CREEK 1,p1,,5/24/23,9:40,,2.88,0.18,6.89,383.61,44.77,1.11,0.02,0.21,1.43,6.32,0.03,0.29,0.38,0,2.91,0.07,411.44,OK,4.67,OK,46.86,,NO3 Confirmed
ET 152,152,PASS CREEK 2,p2,,5/24/23,10:45,375.2,3,0.25,6.75,316.46,56.11,1.76,0.05,0.3,1.46,7.43,0.06,1.18,0.81,0,8.16,0.02,358.58,OK,4.79,OK,58.79,,
ET 153,153,HIGHER UNMULCH 1,,Unmulched,5/24/23,11:05,,4.16,0.27,7.06,320.72,42.33,1.23,0.04,0.38,1.42,5.41,0.03,0.35,0.51,0,4.52,0.12,337.5,OK,6.35,OK,45.01,,
ET 154,154,PASS CREEK 3,,,5/24/23,11:25,,2.49,0.8,6.8,337.28,58.12,1.49,0.02,0.25,1.41,7.17,0.07,0.93,1.8,0,6.53,0.37,353.6,OK,-3.21,OK,56.25,,
ET 155,155,HIGHER UNMULCH,hum,Unmulched,5/24/23,11:30,289.2,1.67,2.01,6.8,418.18,65.92,1.31,0.03,0.19,1.22,9.59,0.04,0.71,4.79,0,6.18,0.9,414.93,OK,2.36,OK,67.48,,
ET 156,156,HIGHER MULCH,hm,Mulched,5/24/23,12:15,,1.69,0.66,6.83,316.18,47.62,1.6,0.03,0.17,0.91,6.6,0,0.75,1.78,0,3.63,0.23,352.13,OK,-0.58,OK,47.34,,
ET 157,157,PASS CREEK 4,,,5/24/23,12:25,,2.44,0.78,6.64,411.56,60.63,1.63,0.03,0.26,1.15,7.85,0,0.97,1.98,0,6.42,0.31,369.69,OK,0.25,OK,60.78,,
ET 158,158,WILLOW CREEK BELOW TRAIL,,Mainstem Willow,5/24/23,13:10,,3.75,0.66,6.83,393.06,55.83,1.69,0.05,0.22,1.39,7.63,0,0.65,1.62,0,4.22,0.25,441.66,OK,0.46,OK,56.09,,
ET 159,159,TRAIL CREEK,mum,Unmulched,5/24/23,13:20,191.3,2.4,0.18,6.96,535.89,63.26,2.78,0.04,0.12,1.54,8.83,0.08,0.46,0.55,0,4.27,0.03,579.86,OK,5.03,OK,66.44,,
ET 160,160,LOWER MULCH 2,lm,Mulched,5/24/23,14:15,,1.9,0.21,7.15,1013.82,108.35,3.49,0.04,0.16,2.6,14.97,0.08,0.75,0.41,0,6.73,0.09,948.29,OK,4.24,OK,112.94,,
ET 161,161,LOWER PARTIALLY MULCH,lpm,Partially Mulched,5/24/23,14:25,,2.65,0.63,7.09,780.38,94.86,2.78,0.06,0.13,2.04,14.51,0.07,0.66,1.45,0,7.15,0.26,825.33,OK,5.01,OK,99.61,,
ET 162,162,LOWER UNMULCH 2,,Unmulched,5/24/23,14:40,,1.91,0.9,7.07,1528.15,191.76,5.15,0.05,0.22,4.11,29.83,0.23,0.92,2.6,0,16.74,0.27,1639.23,OK,4.91,OK,201.17,,
ET 163,163,MIDDLE UNBURNED,mub,Unburned Control,5/24/23,15:00,,3.41,0.19,7.2,626.98,73.11,3.13,0.07,0.2,1.42,10.8,0.01,0.32,0.46,0,4.92,0.03,677.94,OK,4.86,OK,76.66,,
ET 164,164,DENVER CREEK,mm,Mulched,5/24/23,15:10,,2.75,1.1,6.99,580.98,61.49,2.08,0.04,0.25,1.12,6.94,0.01,1.06,1.21,0,5.24,0.8,376.51,OK,4.36,OK,64.16,,
ET 165,165,WILLOW CREEK BELOW DENVER,,Mainstem Willow,5/24/23,15:10,,3.18,1.01,6.85,404.53,54.15,1.97,0.04,0.26,1.28,6.89,0.04,0.81,2.24,0,3.88,0.47,400.82,OK,2.33,OK,55.41,,
ET 166,166,KAUFFMAN CREEK,mpm,Partially Mulched,5/24/23,15:20,,3.11,1.66,6.84,362.45,48.88,1.74,0.03,0.27,1.27,6.88,0.04,0.76,2.78,0,3.59,1.01,389.44,OK,8.74,OK,53.15,,
ET 167,167,HIGHER UNMULCH 2,,Unmulched,5/24/23,15:50,,3.85,0.15,6.8,828.52,86.86,1.88,0.04,0.29,1.88,13.41,0.03,0.44,0.3,0,2.77,0.05,838.71,OK,1.65,OK,88.3,,
ET 168,168,LOWER MULCH 2,lm,Mulched,6/5/23,,,1.83,0.24,6.91,1234.09,126.81,3.95,0.11,0.28,3.29,17.24,0.05,0.72,0.17,0,7.62,0.11,1128.31,OK,5.34,OK,133.58,,
ET 169,169,LOWER PARTIALLY MULCH,lpm,Partially Mulched,6/5/23,,,3.01,0.24,6.85,871.52,101.84,3.33,0.11,0.25,2.53,14.82,0.04,0.64,0.31,0,8.04,0.09,908.63,OK,5.85,OK,107.79,,
ET 170,170,LOWER UNMULCH 2,,Unmulched,6/5/23,,,2.1,0.48,7.06,1620.35,187.93,5.04,0.13,0.15,4.52,25.09,0.06,1,1.28,0.24,18.98,0.09,1403.07,OK,4.48,OK,196.35,,
ET 171,171,MIDDLE UNBURNED,mub,Unburned Control,6/5/23,,156.52,2.95,0.17,6.85,680.54,85.91,3.73,0.11,0.15,1.7,11.36,0.04,0.34,0.13,0,5.45,0.06,747.13,OK,-3.05,OK,83.29,,
ET 172,172,DENVER CREEK,mm,Mulched,6/5/23,,,2.91,0.48,6.9,371.98,53.57,2.4,0.09,0.37,1.25,7.23,0.04,0.72,1.44,0,4.46,0.09,440.73,OK,4.16,OK,55.8,,
ET 173,173,WILLOW CREEK BELOW DENVER,,Mainstem Willow,6/5/23,,,3.55,0.49,6.71,519.32,63.52,2.13,0.04,0.39,1.71,8.35,0.04,0.62,1.12,0,4.21,0.2,536.43,OK,2.68,OK,65.22,,
ET 174,174,KAUFFMAN CREEK,mpm,Partially Mulched,6/5/23,,716.58,3.4,0.97,6.76,395.16,49.69,1.87,0.04,0.35,1.29,6.89,0.03,0.59,3.1,0,2.69,0.24,417.49,OK,8.34,OK,53.83,,
ET 175,175,WILLOW CREEK BELOW TRAIL,,Mainstem Willow,6/5/23,,,3.47,0.42,6.62,536.31,66.95,2.12,0.06,0.37,1.78,8.22,0.04,0.59,0.83,0,4.28,0.19,539.64,OK,-1.98,OK,65.62,,
ET 176,176,TRAIL CREEK,mum,Unmulched,6/5/23,,101.38,2.75,0.19,6.73,649.89,72.18,3.25,0.09,0.24,1.74,9.71,0.05,0.35,0.09,0,3.41,0.1,693.23,OK,2.39,OK,73.9,,
ET 177,177,PASS CREEK 4,,,6/5/23,,,2.11,0.48,6.66,362.36,62.65,1.87,0.04,0.39,1.4,9.03,0.04,0.87,1.08,0,10.07,0.21,405.59,OK,7.83,OK,67.56,,
ET 178,178,HIGHER MULCH,hm,Mulched,6/5/23,,56.58,1.85,0.16,6.64,468.43,54.29,2.31,0.05,0.36,1.14,6.73,0.06,0.56,0.5,0,3.14,0.01,449.3,OK,0.42,OK,54.52,,
ET 179,179,HIGHER UNMULCH,hum,Unmulched,6/5/23,,,1.61,0.97,6.79,419.41,64.2,1.65,0.04,0.33,1.21,9.2,0.05,0.47,3.52,0,6.87,0.15,425.23,OK,3.57,OK,66.49,,
ET 180,180,PASS CREEK 3,,,6/5/23,,,2.24,0.49,6.63,353.57,66.25,1.88,0.04,0.43,1.35,9.45,0.06,0.78,1.23,0,10.25,0.18,419.69,OK,3.29,OK,68.43,,
ET 181,181,PASS CREEK 2,p2,,6/5/23,,,2.42,0.13,6.52,277.49,61.96,1.91,0.05,0.44,1.25,8.17,0.06,0.87,0.23,0,13.83,0.04,288.79,OK,6.27,OK,65.85,,
ET 182,182,PASS CREEK 1,p1,,6/5/23,,100.8,3.54,0.14,6.82,411.99,47.71,1.3,0.02,0.34,1.21,6.75,0.05,0.21,0.11,0,2.04,0.1,451.05,OK,-0.99,OK,47.24,,
ET 183,183,PASS CREEK 1,p1,,6/15/23,8:20,29.6,3,0.15,6.69,381.72,46.68,1.29,0.07,0.34,1.3,6.58,0.04,0.18,0.15,0,2.31,0.07,444.66,OK,-0.61,OK,46.4,Discharge from Shelby & Brodie,
ET 184,184,HIGHER UNMULCH 1,,Unmulched,6/15/23,8:50,,1.74,0.21,6.86,447.41,65.28,1.85,0.07,0.41,1.62,9.89,0.06,0.77,0.31,0,5.7,0.09,572.05,OK,2.4,OK,66.84,Discharge from Shelby & Brodie,
ET 185,185,PASS CREEK 2,p2,,6/15/23,8:50,358.6,2.75,0.14,6.62,429.03,71.58,1.87,0.07,0.56,2.04,8.19,0.05,0.24,0.26,0,14.62,0.03,356.26,OK,5.57,OK,75.57,No discharge,
ET 186,186,PASS CREEK 3,,,6/15/23,9:20,,1.82,0.41,6.61,354.92,77.38,1.8,0.08,0.37,1.71,9.88,0.06,0.67,1.05,0,15.05,0.11,372.5,OK,0.21,OK,77.55,No discharge,
ET 187,187,HIGHER UNMULCH,hum,Unmulched,6/15/23,9:30,229.6,1.38,0.83,6.7,465.83,66.34,1.53,0.04,0.28,1.15,10.46,0.05,0.37,2.76,0,8.05,0.18,467.52,OK,8.25,OK,71.82,No discharge,
ET 188,188,PASS CREEK 4,,,6/15/23,9:40,,1.6,0.3,6.66,390.71,74.51,1.9,0.04,0.37,1.37,9.99,0.06,0.68,0.95,0,13.45,0.06,388.74,OK,1.49,OK,75.62,No discharge,
ET 189,189,HIGHER MULCH,hm,Mulched,6/15/23,9:50,38.9,1.55,0.21,6.71,541.21,61.21,2.34,0.06,0.29,1.21,8.43,0.05,0.47,0.55,0,3.12,0.03,542.8,OK,1.65,OK,62.22,Discharge from Shelby & Brodie,
ET 190,190,WILLOW CREEK BELOW TRAIL,,Mainstem Willow,6/15/23,10:20,,3.18,0.39,6.6,523.11,65.41,2.22,0.07,0.35,1.6,8.69,0.06,0.43,0.65,0,4.84,0.18,547.52,OK,1.04,OK,66.09,No discharge,
ET 191,191,TRAIL CREEK,mum,Unmulched,6/15/23,10:35,97.6,2.67,0.12,7.08,732.21,78.5,3.41,0.11,0.22,1.67,10.53,0.07,0.27,0.14,0,3.15,0,741.51,OK,0.89,OK,79.2,"Discharge from Shelby & Brodie, STRONG flow",
ET 192,192,KAUFFMAN CREEK,mpm,Partially Mulched,6/15/23,10:45,478,3.28,0.74,6.77,444.58,53.41,1.94,0.06,0.31,1.22,7.31,0.05,0.39,1.96,0,2.64,0.24,460.4,OK,3.25,OK,55.14,No discharge,
ET 193,193,DENVER CREEK,mm,Mulched,6/15/23,11:45,,2.51,0.4,7.11,510.21,63.41,2.68,0.06,0.38,1.4,8.27,0.06,0.58,0.9,0,4.7,0.14,525.06,OK,2.53,OK,65.02,No discharge,
ET 194,194,WILLOW CREEK BELOW DENVER,,Mainstem Willow,6/15/23,11:50,,3.18,0.42,6.79,545.59,66.71,2.24,0.08,0.36,1.65,8.76,0.07,0.48,0.76,0,4.73,0.19,555.12,OK,1.27,OK,67.56,Discharge from from Shelby & Brodie,
ET195,195,MIDDLE UNBURNED,mub,Unburned Control,6/15/23,12:10,102.8,2.41,0.22,6.8,721.21,86.71,4.38,0.1,0.15,1.62,11.67,0.07,0.31,0.14,0,6.08,0.12,772.74,OK,1.27,OK,87.81,No discharge,
ET 196,196,LOWER MULCH 2,lm,Mulched,6/15/23,12:35,,2.19,0.46,6.98,1123.48,129.4,4.49,0.09,0.27,3.29,17.37,0.09,0.8,0.21,0.27,7.72,0.35,1152.67,OK,0.83,OK,130.48,No discharge,
ET 197,197,LOWER PARTIALLY MULCH,lpm,Partially Mulched,6/15/23,12:50,,3.24,0.17,6.88,911.21,110.23,3.61,0.1,0.26,2.13,15.7,0.08,0.53,0.26,0,8.59,0.03,924.83,OK,1.1,OK,111.44,No discharge,
ET 198,198,LOWER UNMULCH 2,,Unmulched,6/15/23,13:10,3.15,1.86,0.35,6.94,1386.56,178.55,5.3,0.1,0.12,3.87,25.12,0.08,0.61,0.27,0,18.17,0.2,1405.32,OK,1.32,OK,180.91,Dishcarge from Sheby & Brodie,
ET 199,199,DENVER CREEK,mm,Mulched,6/21/23,7:00,1.89,2.43,0.56,7,567.88,70.2,2.87,0.07,0.36,1.49,9.35,0.06,0.59,1.23,0,4.96,0.23,583.42,OK,2.41,OK,71.89,5 gal bucket discharge collected,
ET 200,200,LOWER MULCH 2,lm,Mulched,6/21/23,8:00,,1.84,0.23,6.99,1201.44,136.56,4.37,0.07,0.3,3.13,18.93,0.08,0.57,0.35,0,8.11,0.1,1208.97,OK,0.52,OK,137.27,,
ET 201,201,LOWER PARTIALLY MULCH,lpm,Partially Mulched,6/21/23,8:15,,2.48,0.18,6.78,982.11,117.51,3.86,0.15,0.26,2.33,16.6,0.08,0.61,0.23,0,8.95,0.02,986.82,OK,1.26,OK,118.99,,
ET 202,202,LOWER UNMULCH 2,,Unmulched,6/21/23,8:30,,1.94,0.48,6.99,1299.78,182.77,5.59,0.07,0.14,3.91,25.79,0.09,0.77,1.13,0.26,20.49,0.17,1388.57,OK,0.86,OK,184.34,5 gal bucket discharge colleted,
ET 203,203,MIDDLE UNBURNED,mub,Unburned Control,6/21/23,8:50,1.58,2.27,0.15,6.88,823.99,96.77,4.55,0.07,0.14,1.71,13.13,0.08,0.29,0.16,0,6.47,0.06,851.37,OK,0.45,OK,97.2,5 gal bucket discharge colleted,
ET 204,204,WILLOW CREEK BELOW DENVER,,Mainstem Willow,6/21/23,9:15,,2.83,0.38,6.78,589.31,73.21,2.22,0.04,0.34,1.68,10.13,0.07,0.42,0.7,0,6.02,0.18,600.05,OK,1.92,OK,74.61,,
ET 205,205,KAUFFMAN CREEK,mpm,Partially Mulched,6/21/23,9:30,,3.19,0.74,6.8,423.88,51.44,2.11,0.04,0.28,1.16,7.02,0.05,0.34,1.59,0,2.64,0.35,454.19,OK,2.79,OK,52.88,,
ET 206,206,WILLOW CREEK BELOW TRAIL,,Mainstem Willow,6/21/23,9:45,,2.76,0.29,6.67,567.22,71.22,2.28,0.04,0.35,1.8,9.37,0.06,0.39,0.57,0,6.27,0.14,572.74,OK,1.73,OK,72.46,,
ET 207,207,TRAIL CREEK,mum,Unmulched,6/21/23,9:50,3.15,2.32,0.16,7.08,700.11,74.44,3.22,0.07,0.19,1.55,10.11,0.08,0.24,0.2,0,3.04,0.06,703.82,OK,1.41,OK,75.49,5 gal bucket discharge colleted,
ET 208,208,PASS CREEK 2,p2,,6/21/23,10:10,,1.39,0.37,6.7,301.23,69.12,1.76,0.05,0.35,1.6,8.68,0.06,0.53,0.8,0,13.92,0.15,332.41,OK,-0.03,OK,69.1,,
ET 209,209,HIGHER MULCH,hm,Mulched,6/21/23,10:15,6.31,1.57,0.26,6.88,499.55,57.61,2.33,0.05,0.28,1.16,7.81,0.05,0.44,0.63,0,3.29,0.08,502.45,OK,2.01,OK,58.77,5 gal bucket discharge colleted,
ET 210,210,PASS CREEK 3,,,6/21/23,10:30,,1.47,0.41,6.67,291.33,84.2,1.76,0.05,0.36,1.78,10.7,0.06,0.53,1.25,0,21.06,0.09,292.74,OK,1.85,OK,85.76,,
ET 211,211,HIGHER UNMULCH,hum,Unmulched,6/21/23,10:35,6.31,1.02,0.64,6.88,430.39,69.4,1.41,0.04,0.25,1.25,10.12,0.05,0.3,1.96,0,9.96,0.16,427.57,OK,2.54,OK,71.17,5 gal bucket discharge colleted,
ET 212,212,HIGHER UNMULCH 2,,Unmulched,6/21/23,11:55,,2.7,0.22,6.82,808.23,89.68,1.92,0.05,0.58,2.61,12.38,0.05,0.26,0.24,0,4.87,0.13,818.27,OK,1.28,OK,90.83,,
ET 213,213,HIGHER UNMULCH 1,,Unmulched,6/21/23,12:10,4.73,1.38,0.28,6.96,547.51,74.31,1.81,0.06,0.42,2.05,11.25,0.07,0.61,0.75,0,5.91,0.07,666.9,OK,3.29,OK,76.75,5 gal bucket discharge colleted,
ET 214,214,PASS CREEK 4,,,6/21/23,12:20,,1.6,0.29,6.56,399.79,88.32,1.38,0.04,0.34,1.43,10.94,0.04,0.17,0.76,0,22.64,0.09,243.43,OK,1.72,OK,89.84,5 gal bucket discharge colleted,
ET 215,215,LOWER MULCH 2,lm,Mulched,6/29/23,9:05,,1.86,0.36,6.78,1172.57,129.19,4.24,0.11,0.35,3.74,17.57,0.07,0.51,0.49,0,8.27,0.17,1183.7,OK,4.61,OK,135.15,,
ET 216,216,LOWER PARTIALLY MULCH,lpm,Partially Mulched,6/29/23,9:20,,2.14,0.19,6.81,1087.76,133.9,4.02,0.16,0.21,2.86,16.74,0.07,0.54,0.21,0,10.27,0.02,1018.04,OK,-4.37,OK,128.05,,
ET 217,217,LOWER UNMULCH 2,,Unmulched,6/29/23,9:35,,1.87,0.34,6.85,1398.69,173.67,5.48,0.14,0.14,4.92,24.13,0.08,0.73,0.63,0,20.33,0.09,1396.24,OK,7.88,OK,187.36,,
ET 218,218,MIDDLE UNBURNED,mub,Unburned Control,6/29/23,9:50,56.4,1.89,0.2,6.74,1006.49,113.48,4.81,0.14,0.12,2.13,14.37,0.08,0.29,0.24,0,7.78,0.04,930.15,OK,-0.58,OK,112.82,,
ET 219,219,DENVER CREEK,mm,Mulched,6/29/23,10:20,,2.54,0.35,7.09,530.92,71.14,2.97,0.11,0.36,1.56,9.28,0.07,0.54,0.7,0,5.53,0.1,587.93,OK,-0.44,OK,70.83,,
ET 220,220,WILLOW CREEK BELOW DENVER,,Mainstem Willow,6/29/23,10:25,,2.3,0.22,6.71,545.79,72.55,2.62,0.09,0.34,1.99,9.7,0.07,0.44,0.51,0,7.55,0.03,592.04,OK,4.63,OK,75.91,,
ET 221,221,KAUFFMAN CREEK,mpm,Partially Mulched,6/29/23,10:35,234,2.63,0.37,6.67,530.15,59.94,2.34,0.08,0.26,1.48,7.87,0.06,0.32,0.84,0,3.2,0.11,533.44,OK,2.6,OK,61.5,,
ET 222,222,WILLOW CREEK BELOW TRAIL,,Mainstem Willow,6/29/23,11:00,,2.09,0.2,6.76,621.21,79.19,2.4,0.13,0.3,2.04,11.25,0.07,0.36,0.4,0,8.91,0.01,639.06,OK,7.01,OK,84.74,,
ET 223,223,TRAIL CREEK,mum,Unmulched,6/29/23,11:10,36.5,2.29,0.17,7.05,754.22,81.21,3.5,0.13,0.22,1.81,10.78,0.07,0.23,0.2,0,3.49,0.02,762.13,OK,1.05,OK,82.06,,
ET 224,224,PASS CREEK 4,,,6/29/23,11:20,,1.31,0.3,6.53,248.83,78.17,1.61,0.06,0.3,1.63,10.45,0.06,0.39,0.83,0,21.99,0.06,250.93,OK,6.05,OK,82.9,,
ET 225,225,HIGHER MULCH,hm,Mulched,6/29/23,11:30,20.71,1.66,0.17,6.55,553.72,60.07,2.22,0.07,0.24,1.25,8.23,0.05,0.34,0.4,0,3.05,0.02,536.7,OK,2.52,OK,61.59,,
ET 226,226,PASS CREEK 3,,,6/29/23,11:40,,1.16,0.28,6.71,216.26,91.54,1.77,0.06,0.35,1.75,11.44,0.07,0.43,0.98,0,26.83,0.02,214.61,OK,0.84,OK,92.31,,
ET 227,227,HIGHER UNMULCH ,hum,Unmulched,6/29/23,11:45,192.6,1.21,0.48,6.72,528.08,75.51,1.45,0.08,0.26,1.33,12.13,0.05,0.27,1.29,0,10.66,0.13,533.67,OK,7.84,OK,81.43,,
ET 228,228,PASS CREEK 2,p2,,6/29/23,12:40,278.8,2.81,0.19,6.53,400.21,81.11,1.84,0.1,0.54,2.55,8.49,0.05,0.22,0.15,0,14.47,0.08,417.74,OK,-5.43,OK,76.7,,
ET 229,229,HIGHER UNMULCH 2,,Unmulched,6/29/23,12:50,,0.92,0.25,6.77,756.85,90.6,1.78,0.05,0.4,2.19,13.21,0.09,0.49,0.86,0,4.31,0.02,809.43,OK,-1.88,OK,88.9,,
ET 230,230,PASS CREEK 1,p1,,6/29/23,13:00,15.6,2.29,0.21,6.61,496.18,53.36,1.57,0.04,0.35,1.51,7.53,0.04,0.15,0.14,0,3.14,0.15,505.02,OK,5.53,OK,56.31,,
ET 231,231,LOWER MULCH 2,lm,Mulched,7/6/23,8:45,2.79,1.85,0.27,7.03,1281.29,145.57,4.58,0.15,0.37,3.91,18.7,0.08,0.52,0.43,0,9.17,0.06,1250.66,OK,0.02,OK,145.6,"decrease in flow, LOTS of mulch has been washed down to road",
ET 232,232,LOWER PARTIALLY MULCH,lpm,Partially Mulched,7/6/23,9:10,,2.27,0.2,7,1035.97,124.86,4.18,0.14,0.24,2.68,16.83,0.07,0.53,0.37,0,11,0.01,998.66,OK,1.64,OK,126.9,"lots of algae, channel has re-braided",
ET 233,233,LOWER UNMULCH 2,,Unmulched,7/6/23,9:20,2.79,1.98,0.34,7.11,1324.06,179.21,5.47,0.14,0.15,4.82,23.97,0.08,0.7,0.95,0.23,20.79,0.02,1366.96,OK,2.84,OK,184.3,"lots of algae, 5 gal bucket discharge collected",
ET 234,234,MIDDLE UNBURNED,mub,Unburned Control,7/6/23,9:40,,1.92,0.24,6.86,934.91,103.85,5.16,0.16,0.15,2.12,12.7,0.08,0.29,0.33,0,8.43,0.04,847.57,OK,3.31,OK,107.28,"decrease in flow, algage present",
ET 236,236,WILLOW CREEK BELOW DENVER,,Mainstem Willow,7/6/23,10:05,,2.66,0.23,6.79,624.77,78.12,2.64,0.08,0.36,2.21,10.06,0.07,0.48,0.29,0,8.15,0.1,619.76,OK,4.84,OK,81.9,"no change in flow, 5 gal bucket discharve collected",
ET 237,237,KAUFFMAN CREEK,mpm,Partially Mulched,7/6/23,10:20,,2.64,0.42,6.74,516.74,58.45,2.51,0.08,0.27,1.43,7.68,0.06,0.28,0.69,0,3.12,0.2,533.5,OK,3.06,OK,60.24,water appears more turbid,
ET 238,238,WILLOW CREEK BELOW TRAIL,,Mainstem Willow,7/6/23,10:35,,2.37,0.16,6.8,596.31,82.79,2.61,0.07,0.33,2.38,10.57,0.07,0.36,0.22,0,9.23,0.06,639.54,OK,1.15,OK,83.74,"no apparent flow change, outlet pipe flow too strong for 5 gal bucket discharge",
ET 239,239,TRAIL CREEK,mum,Unmulched,7/6/23,10:40,,2.22,0.17,6.84,837.53,85.49,3.59,0.11,0.22,2.05,11.14,0.08,0.21,0.16,0,3.44,0.05,806.53,OK,2.43,OK,87.57,similar flow,
ET 240,240,PASS CREEK 4,,,7/6/23,11:00,,1.26,0.27,6.57,335.75,92.32,1.94,0.08,0.36,1.99,11.96,0.08,0.47,0.38,0,23.52,0.12,344.75,OK,2.62,OK,94.74,"flow looks lower in most spots, outlet pipe too deep for 5 gal bucket discharge",
ET 241,241,HIGHER MULCH,hm,Mulched,7/6/23,11:05,4.73,1.79,0.2,6.71,641.09,70.26,2.49,0.11,0.28,1.51,9.29,0.06,0.34,0.33,0,2.98,0.04,626.13,OK,-0.77,OK,69.72,similar flow,
ET 242,242,PASS CREEK 3,,,7/6/23,11:15,,1.28,0.27,6.76,428.78,106.8,1.84,0.09,0.37,2.14,14.55,0.09,0.46,0.49,0,25.18,0.08,446.76,OK,1.6,OK,108.5,"strong flow but narrow channel, 5 gal bucket discharge collected",
ET 243,243,HIGHER UNMULCH,hum,Unmulched,7/6/23,11:20,,1.08,0.4,6.63,510.22,74.26,1.52,0.05,0.25,1.28,11.56,0.06,0.25,1.13,0,9.89,0.11,523.28,OK,4.54,OK,77.64,similar flow,
ET 244,244,HIGHER UNMULCH 1,,Unmulched,7/6/23,12:10,,3.09,0.15,6.83,763.55,89.14,2.21,0.08,0.65,3.48,11,0.07,0.23,0.21,0,5.07,0.04,832.54,OK,0.64,OK,89.71,flow too strong to get 5 gal bucket discharge,
ET 245,245,PASS CREEK 2,p2,,7/6/23,12:15,2.7,0.87,0.16,6.83,165.66,117.53,1.91,0.05,0.43,2.74,14.53,0.09,0.56,0.27,0,40.55,0.05,180.28,OK,3.81,OK,122.01,"lower flow at outlet pipe, more algae, 5 gal bucket discharge collected",
ET 246,246,PASS CREEK 1,p1,,7/6/23,12:40,,2.26,0.16,6.69,555.78,61.75,1.75,0.08,0.37,1.68,8.26,0.05,0.14,0.16,0,3.45,0.06,557.85,OK,1.21,OK,62.5,decreasing flow,
ET 247,247,PASS CREEK 1,p1,,7/11/23,8:35,4.2,1.9,0.15,6.67,575.2,64.59,1.95,0.09,0.4,1.86,8.95,0.05,0.18,0.12,0,4.01,0.05,604.25,OK,4.07,OK,67.22,Shelby did salts for discharge,
ET 248,248,HIGHER UNMULCH 1,,Unmulched,7/11/23,9:25,,2.99,0.16,7,834.03,91.88,2.21,0.08,0.61,3.73,10.91,0.06,0.19,0.29,0,4.89,0.03,851.53,OK,1.39,OK,93.16,Shelby & Mark did flowmeter for discharge,
ET 249,249,PASS CREEK 2,p2,,7/11/23,9:40,103.2,0.97,0.15,6.79,210.04,119.12,2.03,0.02,0.39,2.64,13.99,0.09,0.61,0.17,0,37.51,0.1,212.71,OK,-1.17,OK,117.72,"LOTS of algae, decreased flow, no discharge",
ET 250,250,PASS CREEK 3,,,7/11/23,9:50,,1.13,0.27,6.66,356.86,93.21,1.93,0.09,0.33,2.03,12.56,0.07,0.48,0.46,0,23.23,0.1,381.59,OK,4.05,OK,96.99,Shelby & Mark did flowmeter for discharge,
ET 251,251,HIGHER UNMULCH,hum,Unmulched,7/11/23,9:55,121.8,0.94,0.47,6.68,546.2,73.04,1.64,0.06,0.26,1.35,11.1,0.06,0.27,1.07,0,9.11,0.18,528.24,OK,5.96,OK,77.4,"Slower flow, creek is VERY deep",
ET 252,252,PASS CREEK 4,,,7/11/23,10:10,,1.12,0.2,6.62,383.16,88.3,2.03,0.09,0.33,1.91,12.64,0.08,0.5,0.33,0,22,0.06,406.93,OK,8.94,OK,96.19,"Slower flow, creek is VERY deep",
ET 253,253,HIGHER MULCH,hm,Mulched,7/11/23,10:20,12.2,1.72,0.17,6.74,691.18,76.23,2.76,0.09,0.28,1.71,10.5,0.06,0.32,0.3,0,3.19,0.03,711.48,OK,0.38,OK,76.52,"Shelby & Mark did salts for discharge, VERY dense bank vegetation",
ET 254,254,WILLOW CREEK BELOW TRAIL,,Mainstem Willow,7/11/23,10:45,,2.22,0.17,6.78,699.93,87.25,2.87,0.08,0.36,2.34,10.99,0.08,0.39,0.21,0,8.26,0.06,688.74,OK,1.39,OK,88.47,"Similar flow, lots of algae",
ET 255,255,TRAIL CREEK,mum,Unmulched,7/11/23,10:55,16.8,2.15,0.17,6.83,876.95,91.53,3.9,0.13,0.25,2.24,12.34,0.08,0.22,0.16,0,3.5,0.04,894.41,OK,2.68,OK,93.99,"Shelby & Mark did flowmeter for discharge, lots of algae",
ET 256,256,KAUFFMAN CREEK,mpm,Partially Mulched,7/11/23,11:10,113.6,2.44,0.21,6.76,628.3,67.89,2.88,0.1,0.3,1.68,8.85,0.07,0.31,0.58,0,3.12,0.01,629.36,OK,2.93,OK,69.88,"Lower flow, Shelby & Mark did flowmeter for discharge",
ET 257,257,DENVER CREEK,mm,Mulched,7/11/23,11:30,,2.44,0.38,6.89,661.07,81.94,3.35,0.11,0.47,1.8,10.12,0.08,0.53,0.76,0,5.77,0.12,663.89,OK,-1.07,OK,81.06,no discharge,
ET 258,258,WILLOW CREEK BELOW DENVER,,Mainstem Willow,7/11/23,11:30,,2.54,0.16,6.82,642.17,77.63,2.91,0.09,0.38,2.17,10.46,0.07,0.43,0.33,0,6.97,0.02,674.25,OK,6.09,OK,82.36,no dishcarge,
ET 259,259,MIDDLE UNBURNED,mub,Unburned Control,7/11/23,11:40,36.7,1.74,0.2,6.91,1026.79,109.44,5.77,0.14,0.14,2.28,13.39,0.09,0.29,0.23,0,8.61,0.04,918.48,OK,5.07,OK,114.99,5 gal bucket discharge collected,
ET 260,260,LOWER UNMULCH 2,,Unmulched,7/11/23,12:35,2.79,1.96,0.23,7.27,1554.68,200.38,5.88,0.14,0.23,5.5,25.72,0.1,0.68,0.53,0,19.76,0,1558.67,OK,0.03,OK,200.44,no dishcarge,
ET 261,261,LOWER PARTIALLY MULCH,lpm,Partially Mulched,7/11/23,12:45,,2.14,0.4,6.95,1054.15,129.27,4.54,0.14,0.28,2.75,18.32,0.1,0.57,0.28,0.24,11.12,0.23,1093,OK,2.75,OK,132.82,LOWER MULCH IS DRY,PO4 Confirmed
ET 235,235,DENVER CREEK,mm,Mulched,7/6/23,,1.72,2.72,0.37,6.8,572.8,69.09,3.04,0.1,0.44,1.73,9.4,0.07,0.52,0.87,0,5.48,0.1,612.37,OK,7.07,OK,73.98,,
ET 262,262,PASS CREEK 1,p1,,7/27/23,8:45,1.6,1.76,0.18,6.76,680.49,78.94,2.34,0.04,0.35,2.5,10.87,0.06,0.26,0.12,0,4.21,0.12,761.78,OK,1.63,OK,80.23,DID NOT FINISH DUE TO WEATHER,
ET 263,263,HIGHER UNMULCH 1,,Unmulched,7/27/23,,,3.22,0.18,6.76,938,110.61,2.49,0.07,0.59,4.89,13.93,0.04,0.38,0.09,0,5.26,0.1,1098.82,OK,0.54,OK,111.2,,
ET 264,264,HIGHER UNMULCH,hum,Unmulched,7/27/23,10:15,55.4,1.2,0.32,6.74,614.71,81.81,1.87,0.05,0.21,1.32,11.97,0.04,0.56,1.02,0,8.84,0.05,575.77,OK,1.48,OK,83.02,,
ET 265,265,PASS CREEK 3,,,7/27/23,10:45,,1.38,0.18,6.77,548.28,106.47,2.35,0.11,0.3,2.27,14.01,0.05,0.67,0.34,0,22.73,0.02,497.84,OK,3.73,OK,110.44,,
ET 266,266,PASS CREEK 4,,,7/27/23,,,1.36,0.27,6.71,541.27,102.39,2.43,0.04,0.28,2.02,13.31,0.04,0.89,0.41,0,20.73,0.15,480.36,OK,2.38,OK,104.83,,
ET 267,267,HIGHER MULCH,hm,Mulched,7/27/23,,7.8,1.72,0.12,6.84,876.53,88.63,2.87,0.05,0.22,1.95,11.99,0.04,0.51,0.05,0,4.23,0.07,785.87,OK,2.6,OK,90.94,,
ET 268,268,MIDDLE UNBURNED,mub,Unburned Control,7/27/23,,,2.24,0.23,6.92,1058.27,124.97,5.99,0.08,0.15,2.37,14.47,0.06,0.45,0.18,0,12.73,0.12,900.46,OK,0.94,OK,126.15,,
ET 269,269,WILLOW CREEK BELOW TRAIL,,Mainstem Willow,7/27/23,,,1.98,0.22,6.84,817.54,103.85,3.33,0.04,0.35,2.87,12.93,0.07,0.9,0.28,0,8.29,0.13,832.12,OK,-1.14,OK,102.66,,
ET 270,270,KAUFFMAN CREEK,mpm,Partially Mulched,7/27/23,,68.8,2.34,0.32,6.79,646.99,75.83,3.24,0.05,0.29,1.89,10.09,0.07,0.49,0.33,0,4.54,0.21,693.56,OK,2.18,OK,77.48,,
ET 271,271,DENVER CREEK,mm,Mulched,7/27/23,,,2.8,0.22,6.84,686.28,85.76,3.71,0.06,0.46,2.09,10.12,0.04,0.6,0.76,0,6.86,0,677.94,OK,-0.21,OK,85.58,,
ET 272,272,WILLOW CREEK BELOW DENVER,,Mainstem Willow,7/27/23,,,2.25,0.28,6.82,763.26,94.31,3.68,0.04,0.39,2.65,12.26,0.05,0.58,0.35,0,7.48,0.17,821.66,OK,2.54,OK,96.7,LOWER MULCH IS DRY,
ET 273,273,HIGHER UNMULCH 1,,Unmulched,8/9/23,,,3.75,0.26,6.83,919.65,111.06,2.58,0.06,0.65,4.66,14.35,0.04,0.29,0.08,0,6.39,0.19,1085.54,OK,1.15,OK,112.34,"Was solo this week, Shelby collected discharge, will get from her at end of the season",
ET 274,274,PASS CREEK 1,p1,,8/9/23,,,1.76,0.1,6.86,758.93,84.8,2.67,0.04,0.39,2.47,11.36,0.04,0.22,0.09,0,4.46,0.05,795.64,OK,1.24,OK,85.85,,
ET 275,275,PASS CREEK 2,p2,,8/9/23,,30.8,1.89,0.14,6.74,545.77,115.96,2.89,0.03,0.45,2.49,14.34,0.04,1.38,0.18,0,23.77,0.08,521.18,OK,0.04,OK,116.01,,
ET 276,276,PASS CREEK 3,,,8/9/23,,,1.73,0.27,6.83,613.12,108.6,2.75,0.07,0.38,2.54,14.11,0.06,0.98,0.39,0,15.9,0.13,677.03,OK,-2.39,OK,106,,
ET 277,277,HIGHER UNMULCH,hum,Unmulched,8/9/23,,21,0.99,0.42,6.86,611.32,86.69,2.09,0.03,0.2,1.57,13.06,0.05,0.39,1.04,0,9.38,0.16,653.62,OK,0.89,OK,87.46,,
ET 278,278,HIGHER MULCH,hm,Mulched,8/9/23,,,1.87,0.19,6.94,737.08,82.25,3.06,0.04,0.29,1.93,12.57,0.05,0.38,0.03,0,4.56,0.16,820.39,OK,5.74,OK,86.97,,
ET 279,279,PASS CREEK 4,,,8/9/23,,,1.98,0.37,6.82,632.68,104.73,2.89,0.03,0.36,2.52,14.28,0.05,1,1.07,0,14.6,0.1,705.52,OK,1.48,OK,106.28,,
ET 280,280,TRAIL CREEK,mum,Unmulched,8/9/23,,,1.95,0.13,7.03,1052.33,111.85,4.34,0.1,0.23,2.43,15.16,0.08,0.34,0.13,0,5.18,0.02,1031.43,OK,1.18,OK,113.16,,
ET 281,281,WILLOW CREEK BELOW TRAIL,,Mainstem Willow,8/9/23,,62,2.42,0.26,6.94,846.47,101.44,3.8,0.05,0.41,2.98,13.12,0.05,0.6,0.34,0,7.23,0.15,903.13,OK,2.37,OK,103.84,,
ET 282,282,KAUFFMAN CREEK,mpm,Partially Mulched,8/9/23,,,2.17,0.29,6.9,684.66,77.16,3.68,0.03,0.3,1.89,10.19,0.05,0.36,0.23,0,4.98,0.21,713.72,OK,4.29,OK,80.48,,
ET 283,283,WILLOW CREEK BELOW DENVER,,Mainstem Willow,8/9/23,,,2.49,0.2,6.94,859.75,100.09,3.93,0.03,0.41,2.71,12.63,0.04,0.64,0.24,0,7.3,0.13,860.47,OK,2.25,OK,102.35,,
ET 284,284,DENVER CREEK,mm,Mulched,8/9/23,,,2.59,0.25,6.93,748.95,97.54,3.74,0.08,0.43,2.17,12.72,0.05,0.63,0.67,0,8.28,0.04,785.99,OK,-0.09,OK,97.46,,
ET 285,285,MIDDLE UNBURNED,mub,Unburned Control,8/9/23,,16.1,1.56,0.09,7.06,1024.55,126.84,7,0.03,0.1,2.59,16.23,0.06,0.42,0.02,0,11.63,0.06,1075.24,OK,2.53,OK,130.05,,
ET 286,286,LOWER PARTIALLY MULCH,lpm,Partially Mulched,8/9/23,,,1.81,0.39,7.2,1202.27,160.75,5.02,0.08,0.22,3.16,21.21,0.08,0.65,0.29,0,13.19,0.26,1244.39,OK,-5.3,OK,152.23,,
ET 287,287,LOWER UNMULCH 2,,Unmulched,8/9/23,,,1.88,0.2,7.39,1765.44,230.03,6.22,0.06,0.14,5.42,30.21,0.09,0.74,0.5,0,20.09,0.04,1780.45,OK,-3.58,OK,221.8,,
ET 288,288,PASS CREEK 1,p1,,9/18/23,15:50,,1.71,0.05,7.21,882.45,98.69,3.09,0.03,0.82,2.59,14.01,0.05,0.31,0.06,0,5.69,0.01,938.78,OK,3.44,OK,102.09,"Low flow, lots of algae",
ET 289,289,PASS CREEK 2,p2,,9/18/23,16:00,,2.14,0.11,7.32,665.55,108.47,3.02,0.07,0.9,2.57,14.59,0.07,1.71,0.09,0,17.68,0.04,675.52,OK,5.97,OK,114.95,Recent flooding evidence,
ET 290,290,HIGHER UNMULCH 1,,Unmulched,9/18/23,16:10,,3.59,0.24,7.5,1020.44,116.02,2.16,0.01,1.02,4.18,14.8,0.06,0.6,0.08,0,7.15,0.22,1035.05,OK,1.13,OK,117.33,Recent flooding evidence,
ET 291,291,HIGHER UNMULCH ,hum,Unmulched,9/18/23,16:30,,1.29,0.19,7.32,684.34,84.24,2.13,0.05,0.55,1.88,12.98,0.06,0.35,0.18,0,7.47,0.11,740.17,OK,4.99,OK,88.44,Recent flooding evidence,
ET 292,292,PASS CREEK 3,,,9/18/23,16:30,,1.93,0.07,7.91,588.41,92.04,2.82,0.05,0.78,1.85,11.77,0.06,0.41,0.14,0,12.87,0,599.52,OK,-1.19,OK,90.94,Recent flooding evidence,
ET 293,293,HIGHER MULCH,hm,Mulched,9/18/23,16:35,,2.13,0.08,7.73,840.3,101.85,2.89,0.01,0.86,2.39,13.93,0.07,0.47,0.04,0,4.58,0.06,930.09,OK,-4.23,OK,97.54,Recent flooding evidence,
ET 294,294,PASS CREEK 4,,,9/18/23,16:40,,2.22,0.27,7.69,743.28,103.21,3.04,0.03,0.84,2.39,13.92,0.07,1.19,0.33,0,10.45,0.17,788.18,OK,0.96,OK,104.2,Recent flooding evidence,
ET 295,295,TRAIL CREEK,mum,Unmulched,9/18/23,16:50,,2.11,0.3,6.9,1041.65,109.94,4.34,0.09,0.59,2.43,14.66,0.08,0.4,0.09,0,3.77,0.22,1043.8,OK,0.05,OK,110,Recent flooding evidence,
ET 296,296,WILLOW CREEK BELOW TRAIL,,Mainstem Willow,9/18/23,16:55,,2.49,0.16,7.04,902.4,104.96,4.12,0.04,0.81,2.73,13.18,0.09,0.71,0.1,0,6.51,0.11,924.25,OK,0.67,OK,105.66,Much lower flow,
ET 297,297,KAUFFMAN CREEK,mpm,Partially Mulched,9/18/23,17:10,,2.85,0.12,7.21,777.88,86.97,4.03,0.04,0.89,1.92,10.39,0.08,0.38,0.14,0,4.29,0.06,771.35,OK,-1.22,OK,85.91,"MAJOR recent flooding, creek rerouted, flooded over road, turbid water, stage meter gone",
ET 298,298,DENVER CREEK,mm,Mulched,9/18/23,17:20,,3.39,0.23,6.93,688.99,87.23,3.7,0.06,0.91,1.92,10.57,0.07,0.5,0.27,0,7.5,0.12,695.02,OK,-0.1,OK,87.15,"MAJOR recent flooding, creek on road, lots of sediments and debris, drainage blown-out, no longer connects to Willow Creek, sediment has filled in 10-15ft worth of erosion from earlier in summer",
ET 299,299,WILLOW CREEK BELOW DENVER,,Mainstem Willow,9/18/23,17:25,,2.87,0.12,7.16,842.62,102.49,4.25,0.04,0.89,2.77,13.28,0.08,0.81,0.21,0,6.36,0.05,939.16,OK,1.51,OK,104.03,Campground flooded and about 3-5ft more sediment in areas than earlier in the summer,
ET 300,300,MIDDLE UNBURNED,mub,Unburned Control,9/18/23,17:40,,1.35,0.08,7.47,1120.44,140.4,8.1,0.06,0.3,2.77,17.53,0.1,0.39,0.03,0,12.1,0.03,1199.08,OK,0.94,OK,141.72,Some recent flooding in willows,
ET 301,301,LOWER MULCH 2,lm,Mulched,9/18/23,17:55,,1.92,0.16,7.46,1999.41,229.01,6.34,0.01,0.31,5.19,34.85,0.09,0.67,0.22,0,19.99,0.1,2010.67,OK,6.04,OK,242.85,Lots of algae,High Ion concentrations confirmed
ET 302,302,LOWER PARTIALLY MULCH,lpm,Partially Mulched,9/18/23,18:00,,1.68,0.19,7.45,1375.12,167.59,5.33,0.06,0.48,3.43,25.07,0.09,0.52,0.16,0,12.92,0.1,1491.29,OK,2.05,OK,171.03,Channel no longer braids ,
ET 303,303,PASS CREEK 1,p1,,10/2/23,9:40,0.09,1.48,0.1,7.41,934.28,107.8,3.46,0.03,0.86,2.84,15.46,0.04,0.27,0.04,0,6.67,0.07,1030.01,OK,3.22,OK,111.27,5 gal bucket discharge collected,
ET 304,304,PASS CREEK 2,p2,,10/2/23,9:55,0.41,1.77,0.09,7.35,686.68,114.9,3.31,0.07,0.8,2.74,15.8,0.07,1.73,0.09,0,18.61,0.02,740.34,OK,5.79,OK,121.55,5 gal bucket disharge collected,
ET 305,305,HIGHER UNMULCH 1,,Unmulched,10/2/23,19:00,,2.93,0.17,7.38,978.63,112.64,2.39,0.03,0.98,3.77,14.19,0.04,0.25,0.08,0,6.83,0.13,995.99,OK,-0.87,OK,111.66,no discharge,
ET 306,306,HIGHER UNMULCH,hum,Unmulched ,10/2/23,10:15,3.79,1.16,0.14,7.45,666.73,84.56,2.12,0.03,0.46,2.01,12.8,0.05,0.33,0.24,0,6.95,0.06,749.67,OK,2.57,OK,86.74,5 gal bucket discharge collected,
ET 307,307,PASS CREEK 3,,,2-Oct,10:25,,1.86,0.06,7.49,675.38,98.15,3.02,0.02,0.71,2.5,14,0.05,1.15,0.14,0,11.77,0.01,773.44,OK,5.13,OK,103.19,Flowmeter discharge,
ET 308,308,HIGHER MULCH,hm,Mulched,10/2/23,10:40,2.37,1.69,0.05,7.47,764.34,89.03,3.12,0.01,0.7,2.05,12.57,0.05,0.37,0.05,0,4.26,0.03,849.43,OK,-0.16,OK,88.89,5 gal bucket discharge collected,
ET 309,309,PASS CREEK 4,,,10/2/23,10:50,,1.89,0.16,7.62,691.44,96.93,3.14,0.03,0.76,2.51,13.63,0.06,1.15,0.11,0,9.59,0.11,808.3,OK,3.27,OK,100.1,Flowmeter discharge,
ET 310,310,TRAIL CREEK,mum,Unmulched,10/2/23,11:10,,1.75,0.14,7.41,946.71,100.01,4.34,0.02,0.52,2.49,14.22,0.09,0.31,0.11,0,3.79,0.11,1026.71,OK,4.38,OK,104.39,"No discharge, flow too low",
ET 311,311,WILLOW CREEK BELOW TRAIL,,Mainstem Willow,10/2/23,11:15,,2.02,0.15,7.27,889.57,102.48,4.58,0.04,0.73,2.97,12.87,0.11,0.65,0.11,0,7.46,0.09,928.67,OK,4.77,OK,107.37,No discharge,
ET 312,312,KAUFFMAN CREEK,mpm,Partially Mulched,10/2/23,11:25,282.9,2.13,0.32,7.32,731.43,83.43,4.08,0.01,0.64,2.01,10.29,0.09,0.36,0.02,0,4.63,0.31,764.88,OK,0.44,OK,83.8,Flowmeter discharge,
ET 313,313,DENVER CREEK,mm,Mulched,10/2/23,11:45,3.79,2.29,0.2,7.34,692.97,88.94,3.91,0.06,0.74,2.17,11.47,0.1,0.47,0.03,0,6.78,0.15,784.47,OK,0.35,OK,89.25,"5 gal bucket discharge, CDOT redirecting creek along roadside & it now drains into Willow Creek at lower campground, about .10 mi south of outlet pipe",
ET 314,314,WILLOW CREEK BELOW DENVER,,Mainstem Willow,10/2/23,11:55,,2.21,0.1,7.38,831.14,96.36,4.32,0.01,0.74,2.55,12.5,0.1,0.61,0.08,0,7.26,0.07,870.12,OK,4.99,OK,101.16,"no discharge, similar flow",
ET 315,315,MIDDLE UNBURNED,mub,Unburned Control,10/2/23,12:15,135.7,1.24,0.11,7.68,1184.38,139.22,8.18,0.01,0.32,2.71,17.18,0.11,0.39,0.04,0,11.36,0.09,1195.95,OK,2.21,OK,142.3,"similar flow, flowmeter discharge",
ET 316,316,LOWER MULCH 2,lm,Mulched,10/2/23,13:10,0.53,2.04,0.16,7.71,1835.77,216.86,6.17,0.03,0.31,4.77,32.23,0.1,0.7,0.2,0,18.09,0.1,1876.62,OK,3.39,OK,224.21,"lower flow, LOTS of algae, 5 gal bucket discharge collected",High Ion concentrations confirmed
ET 317,317,LOWER PARTIALLY MULCH,lpm,Partially Mulched,10/2/23,13:20,,1.77,0.08,7.56,1329.59,161.99,5.12,0.01,0.41,3.29,24.25,0.08,0.51,0.03,0,11.99,0.07,1449.27,OK,1.25,OK,164.01,"lower flow, no discharge, what I thought was algae is actually some type of worm or insect larvae???",
ET 318,318,LOWER PARTIALLY MULCH,lpm,Partially Mulched,10/31/23,10:45,,1.82,0.1,7.64,1655.84,200.07,6.23,0.02,0.41,4.1,29.76,0.1,0.76,0.12,0,14.11,0.06,1786.64,OK,0.89,OK,201.84,partially frozen,High Ion concentrations confirmed
ET 319,319,LOWER MULCH 2,lm,Mulched,10/31/23,10:55,,1.66,0.27,7.21,2085.47,254.91,6.62,0.01,0.34,5.49,37.12,0.09,1.05,0.21,0,20.97,0.22,2130.71,OK,0.62,OK,256.5,"mostly frozen, no flow collected",High Ion concentrations confirmed
ET 320,320,MIDDLE UNBURNED,mub,Unburned Control,10/31/23,11:15,,0.95,0.11,7.75,1130.4,141.56,8.08,0.04,0.27,2.37,16.94,0.09,0.39,0.07,0,12.35,0.06,1128.89,OK,-1.59,OK,139.3,"mostly frozen, no flow collected",
ET 321,321,DENVER CREEK,mm,Mulched,10/31/23,11:30,,2.55,0.14,7.21,673.82,85.48,4.18,0.09,0.7,1.95,11.36,0.09,0.62,0.23,0,7.18,0.02,755.73,OK,4.2,OK,89.07,"mostly frozen, no flow collected",
ET 322,322,WILLOW CREEK BELOW DENVER,,Mainstem Willow,10/31/23,11:40,,1.91,0.13,7.31,998.51,118.81,5.75,0.01,0.8,3,14.7,0.12,1.08,0.09,0,7.49,0.1,1062.36,OK,1.33,OK,120.39,"partially frozen, denver creek is now partially connected to willow at the original drainage ",
ET 323,323,KAUFFMAN CREEK,mpm,Partially Mulched,10/31/23,12:10,,2.19,0.13,7.11,1091.38,119.59,5.67,0.02,0.88,3.43,15.3,0.12,1.08,0.05,0,8.36,0.11,1109.27,OK,7.79,OK,128.9,"mostly frozen, no flow collected, LOTS of sediment in between ice layers ",Ions vAlues confirmed
ET 324,324,WILLOW CREEK BELOW TRAIL,,Mainstem Willow,10/31/23,12:20,,1.89,0.11,7.38,995.48,116.78,5.47,0.04,0.87,3.46,14.92,0.11,1.1,0.03,0,8.15,0.07,1087.71,OK,5.49,OK,123.19,mostly frozen,
ET 325,325,TRAIL CREEK,mum,Unmulched,10/31/23,12:30,,1.57,0.11,7.25,971.14,106.07,4.44,0.01,0.47,2.68,14.76,0.07,0.47,0.11,0,4.25,0.08,1057.81,OK,2.44,OK,108.66,"nearly frozen solid, no flow collected",
ET 326,326,HIGHER MULCH,hm,Mulched,10/31/23,12:40,,1.64,0.06,7.14,815.52,92.11,3.33,0.02,0.71,2.24,13.4,0.05,0.63,0.07,0,4.36,0.03,905.59,OK,3.4,OK,95.24,"nearly frozen solid, no flow collected",
ET 327,327,PASS CREEK 4,,,10/31/23,12:50,,1.8,0.14,7.26,750.72,105.53,3.64,0.01,0.75,2.56,14.69,0.06,1.58,0.13,0,11.29,0.1,838.85,OK,4.3,OK,110.06,top half frozen but still flowing underneath ice,
ET 328,328,HIGHER UNMULCH,hum,Unmulched,10/31/23,12:55,,1.41,0.22,7.49,652.97,86.79,2.25,0.02,0.6,1.77,12.75,0.05,0.49,0.68,0,6.85,0.06,727.38,OK,-0.56,OK,86.3,"mostly frozen, no flow collected",
ET 329,329,PASS CREEK 3,,,10/31/23,13:00,,1.46,0.15,7.26,649.52,105.6,3.49,0.01,0.75,2.48,14.65,0.06,1.61,0.23,0,12.12,0.09,804.04,OK,0.67,OK,106.31,more frozen tha pass 4,
ET 330,330,HIGHER UNMULCH 1,,Unmulched ,10/31/23,13:10,,2.19,0.12,7.16,821.5,104.64,2.77,0.01,1.05,3.78,14.15,0.05,0.51,0.07,0,6.38,0.1,1015.68,OK,0.79,OK,105.47,mostly frozen solid,
ET 331,331,PASS CREEK 2,p2,,10/31/23,13:20,,1.66,0.11,7.39,704.88,116.95,3.86,0.04,0.86,3.1,14.91,0.06,2.62,0.1,0,18.48,0.06,727.86,OK,6.24,OK,124.25,mostly frozen solid *Pass 1 was frozen solid and under 3-4 inches of snow*,