datetime,tip,site
6/20/22 11:00,1,hum2
6/23/22 14:36,1,hum2
6/23/22 14:43,1,hum2
6/23/22 14:53,1,hum2
6/23/22 16:48,1,hum2
6/23/22 17:46,1,hum2
6/23/22 18:00,1,hum2
6/23/22 18:10,1,hum2
6/23/22 19:08,1,hum2
6/24/22 11:40,1,hum2
6/24/22 11:41,1,hum2
6/24/22 11:42,1,hum2
6/24/22 11:47,1,hum2
6/24/22 11:55,1,hum2
6/24/22 11:56,1,hum2
6/24/22 11:56,1,hum2
6/24/22 11:59,1,hum2
6/24/22 12:09,1,hum2
6/24/22 16:50,1,hum2
6/24/22 16:54,1,hum2
6/24/22 17:02,1,hum2
6/26/22 9:52,1,hum2
6/26/22 9:53,1,hum2
6/26/22 9:53,1,hum2
6/26/22 9:54,1,hum2
6/26/22 9:54,1,hum2
6/26/22 9:55,1,hum2
6/26/22 9:55,1,hum2
6/26/22 9:56,1,hum2
6/26/22 9:56,1,hum2
6/26/22 9:57,1,hum2
6/26/22 9:58,1,hum2
6/26/22 9:59,1,hum2
6/26/22 9:59,1,hum2
6/26/22 9:59,1,hum2
6/26/22 10:00,1,hum2
6/26/22 10:00,1,hum2
6/26/22 10:01,1,hum2
6/26/22 10:05,1,hum2
6/26/22 10:07,1,hum2
6/26/22 10:24,1,hum2
6/26/22 10:25,1,hum2
6/26/22 10:26,1,hum2
6/26/22 10:26,1,hum2
6/26/22 10:26,1,hum2
6/26/22 10:27,1,hum2
6/26/22 10:27,1,hum2
6/26/22 10:27,1,hum2
6/26/22 10:28,1,hum2
6/26/22 10:28,1,hum2
6/26/22 11:04,1,hum2
6/28/22 19:00,1,hum2
6/28/22 19:02,1,hum2
6/28/22 19:04,1,hum2
6/28/22 19:08,1,hum2
6/28/22 19:11,1,hum2
6/28/22 19:23,1,hum2
6/28/22 19:30,1,hum2
6/29/22 11:36,1,hum2
6/29/22 11:37,1,hum2
6/29/22 11:38,1,hum2
6/29/22 11:39,1,hum2
6/29/22 11:42,1,hum2
6/29/22 18:36,1,hum2
6/29/22 18:57,1,hum2
6/29/22 19:00,1,hum2
6/29/22 19:02,1,hum2
6/29/22 19:04,1,hum2
6/29/22 19:06,1,hum2
6/29/22 19:09,1,hum2
6/29/22 19:13,1,hum2
6/29/22 19:17,1,hum2
6/29/22 19:30,1,hum2
6/30/22 4:01,1,hum2
6/30/22 6:32,1,hum2
6/30/22 6:36,1,hum2
6/30/22 6:45,1,hum2
6/30/22 7:44,1,hum2
6/30/22 8:10,1,hum2
6/30/22 8:42,1,hum2
6/30/22 9:16,1,hum2
6/30/22 18:44,1,hum2
6/30/22 18:54,1,hum2
6/30/22 18:58,1,hum2
6/30/22 19:03,1,hum2
6/30/22 19:07,1,hum2
6/30/22 19:12,1,hum2
6/30/22 19:16,1,hum2
6/30/22 19:20,1,hum2
6/30/22 19:23,1,hum2
6/30/22 19:27,1,hum2
6/30/22 19:33,1,hum2
6/30/22 19:41,1,hum2
6/30/22 20:07,1,hum2
6/30/22 20:14,1,hum2
6/30/22 20:19,1,hum2
6/30/22 20:22,1,hum2
6/30/22 20:25,1,hum2
6/30/22 20:28,1,hum2
6/30/22 20:31,1,hum2
6/30/22 20:33,1,hum2
6/30/22 20:35,1,hum2
6/30/22 20:38,1,hum2
6/30/22 20:42,1,hum2
6/30/22 20:45,1,hum2
6/30/22 20:47,1,hum2
6/30/22 20:50,1,hum2
6/30/22 20:53,1,hum2
6/30/22 21:00,1,hum2
6/30/22 21:14,1,hum2
7/1/22 19:52,1,hum2
7/1/22 20:00,1,hum2
7/1/22 20:06,1,hum2
7/1/22 20:09,1,hum2
7/1/22 20:12,1,hum2
7/1/22 20:15,1,hum2
7/1/22 20:20,1,hum2
7/1/22 20:24,1,hum2
7/1/22 20:28,1,hum2
7/1/22 20:30,1,hum2
7/1/22 20:33,1,hum2
7/1/22 20:37,1,hum2
7/1/22 20:47,1,hum2
7/1/22 21:05,1,hum2
7/1/22 21:19,1,hum2
7/2/22 11:37,1,hum2
7/2/22 11:47,1,hum2
7/2/22 12:11,1,hum2
7/3/22 16:17,1,hum2
7/3/22 16:19,1,hum2
7/3/22 16:23,1,hum2
7/3/22 16:35,1,hum2
7/3/22 17:03,1,hum2
7/3/22 17:04,1,hum2
7/3/22 17:05,1,hum2
7/3/22 17:06,1,hum2
7/3/22 17:11,1,hum2
7/3/22 17:17,1,hum2
7/3/22 17:18,1,hum2
7/3/22 17:18,1,hum2
7/3/22 17:19,1,hum2
7/3/22 17:19,1,hum2
7/3/22 17:20,1,hum2
7/3/22 17:20,1,hum2
7/3/22 17:20,1,hum2
7/3/22 17:20,1,hum2
7/3/22 17:21,1,hum2
7/3/22 17:21,1,hum2
7/3/22 17:21,1,hum2
7/3/22 17:22,1,hum2
7/3/22 17:22,1,hum2
7/3/22 17:22,1,hum2
7/3/22 17:23,1,hum2
7/3/22 17:23,1,hum2
7/3/22 17:23,1,hum2
7/3/22 17:23,1,hum2
7/3/22 17:24,1,hum2
7/3/22 17:24,1,hum2
7/3/22 17:24,1,hum2
7/3/22 17:24,1,hum2
7/3/22 17:25,1,hum2
7/3/22 17:28,1,hum2
7/4/22 7:54,1,hum2
7/5/22 12:38,1,hum2
7/5/22 12:39,1,hum2
7/5/22 12:40,1,hum2
7/5/22 12:41,1,hum2
7/5/22 12:42,1,hum2
7/5/22 12:44,1,hum2
7/5/22 12:45,1,hum2
7/5/22 12:48,1,hum2
7/5/22 12:50,1,hum2
7/5/22 12:51,1,hum2
7/5/22 12:52,1,hum2
7/5/22 12:53,1,hum2
7/5/22 12:54,1,hum2
7/5/22 12:54,1,hum2
7/5/22 12:54,1,hum2
7/5/22 12:55,1,hum2
7/5/22 12:55,1,hum2
7/5/22 12:56,1,hum2
7/5/22 12:56,1,hum2
7/5/22 12:56,1,hum2
7/5/22 12:57,1,hum2
7/5/22 12:57,1,hum2
7/5/22 12:57,1,hum2
7/5/22 12:58,1,hum2
7/5/22 12:58,1,hum2
7/5/22 12:59,1,hum2
7/5/22 12:59,1,hum2
7/5/22 13:02,1,hum2
7/5/22 13:06,1,hum2
7/5/22 13:10,1,hum2
7/5/22 13:28,1,hum2
7/5/22 16:34,1,hum2
7/5/22 16:52,1,hum2
7/5/22 17:01,1,hum2
7/5/22 17:04,1,hum2
7/5/22 17:08,1,hum2
7/5/22 17:10,1,hum2
7/5/22 17:15,1,hum2
7/5/22 17:19,1,hum2
7/5/22 17:24,1,hum2
7/5/22 17:29,1,hum2
7/5/22 17:34,1,hum2
7/5/22 17:38,1,hum2
7/5/22 17:45,1,hum2
7/5/22 17:55,1,hum2
7/5/22 18:12,1,hum2
7/5/22 18:22,1,hum2
7/6/22 10:49,1,hum2
7/6/22 13:42,1,hum2
7/6/22 13:52,1,hum2
7/6/22 13:59,1,hum2
7/7/22 12:41,1,hum2
7/7/22 12:59,1,hum2
7/7/22 15:59,1,hum2
7/13/22 11:47,1,hum2
7/13/22 13:03,1,hum2
7/13/22 13:26,1,hum2
7/13/22 13:30,1,hum2
7/13/22 13:31,1,hum2
7/13/22 13:32,1,hum2
7/13/22 14:08,1,hum2
7/13/22 14:20,1,hum2
7/13/22 14:21,1,hum2
7/13/22 14:22,1,hum2
7/13/22 14:22,1,hum2
7/13/22 14:22,1,hum2
7/13/22 14:22,1,hum2
7/13/22 14:23,1,hum2
7/13/22 14:23,1,hum2
7/13/22 14:24,1,hum2
7/13/22 14:24,1,hum2
7/13/22 14:26,1,hum2
7/13/22 14:27,1,hum2
7/13/22 14:29,1,hum2
7/13/22 14:30,1,hum2
7/13/22 14:31,1,hum2
7/13/22 14:31,1,hum2
7/13/22 14:31,1,hum2
7/13/22 14:31,1,hum2
7/13/22 14:32,1,hum2
7/13/22 14:32,1,hum2
7/13/22 14:32,1,hum2
7/13/22 14:32,1,hum2
7/13/22 14:33,1,hum2
7/13/22 14:34,1,hum2
7/13/22 14:34,1,hum2
7/13/22 14:35,1,hum2
7/13/22 14:35,1,hum2
7/13/22 14:36,1,hum2
7/13/22 14:36,1,hum2
7/13/22 14:37,1,hum2
7/13/22 14:37,1,hum2
7/13/22 14:38,1,hum2
7/13/22 14:38,1,hum2
7/13/22 14:38,1,hum2
7/13/22 14:39,1,hum2
7/13/22 14:39,1,hum2
7/13/22 14:39,1,hum2
7/13/22 14:39,1,hum2
7/13/22 14:40,1,hum2
7/13/22 14:40,1,hum2
7/13/22 14:40,1,hum2
7/13/22 14:40,1,hum2
7/13/22 14:40,1,hum2
7/13/22 14:41,1,hum2
7/13/22 14:41,1,hum2
7/13/22 14:41,1,hum2
7/13/22 14:41,1,hum2
7/13/22 14:41,1,hum2
7/13/22 14:41,1,hum2
7/13/22 14:41,1,hum2
7/13/22 14:42,1,hum2
7/13/22 14:42,1,hum2
7/13/22 14:42,1,hum2
7/13/22 14:43,1,hum2
7/13/22 14:43,1,hum2
7/13/22 14:43,1,hum2
7/13/22 14:44,1,hum2
7/13/22 14:44,1,hum2
7/13/22 14:45,1,hum2
7/13/22 14:45,1,hum2
7/13/22 14:49,1,hum2
7/13/22 14:50,1,hum2
7/13/22 14:53,1,hum2
7/13/22 15:09,1,hum2
7/13/22 15:11,1,hum2
7/13/22 15:13,1,hum2
7/13/22 15:14,1,hum2
7/13/22 15:48,1,hum2
7/13/22 21:45,1,hum2
7/13/22 21:54,1,hum2
7/13/22 21:58,1,hum2
7/13/22 22:08,1,hum2
7/13/22 23:28,1,hum2
7/13/22 23:34,1,hum2
7/14/22 7:58,1,hum2
7/14/22 13:26,1,hum2
7/14/22 13:27,1,hum2
7/14/22 13:27,1,hum2
7/14/22 13:28,1,hum2
7/14/22 13:28,1,hum2
7/14/22 13:28,1,hum2
7/14/22 13:28,1,hum2
7/14/22 13:29,1,hum2
7/14/22 13:29,1,hum2
7/14/22 13:29,1,hum2
7/14/22 13:30,1,hum2
7/14/22 13:31,1,hum2
7/14/22 13:32,1,hum2
7/14/22 13:35,1,hum2
7/14/22 13:35,1,hum2
7/14/22 13:36,1,hum2
7/14/22 13:36,1,hum2
7/14/22 13:37,1,hum2
7/14/22 13:37,1,hum2
7/14/22 13:38,1,hum2
7/14/22 13:38,1,hum2
7/14/22 13:40,1,hum2
7/14/22 13:41,1,hum2
7/14/22 13:42,1,hum2
7/14/22 13:54,1,hum2
7/14/22 13:56,1,hum2
7/14/22 13:57,1,hum2
7/14/22 13:59,1,hum2
7/14/22 14:32,1,hum2
7/14/22 15:13,1,hum2
7/14/22 15:18,1,hum2
7/14/22 15:20,1,hum2
7/14/22 15:23,1,hum2
7/14/22 15:36,1,hum2
7/14/22 15:46,1,hum2
7/14/22 15:52,1,hum2
7/14/22 15:56,1,hum2
7/14/22 16:08,1,hum2
7/14/22 16:13,1,hum2
7/14/22 16:29,1,hum2
7/14/22 16:34,1,hum2
7/14/22 16:39,1,hum2
7/14/22 16:40,1,hum2
7/14/22 16:42,1,hum2
7/14/22 16:44,1,hum2
7/14/22 16:45,1,hum2
7/14/22 16:46,1,hum2
7/14/22 16:48,1,hum2
7/14/22 16:49,1,hum2
7/14/22 16:52,1,hum2
7/14/22 16:54,1,hum2
7/14/22 16:55,1,hum2
7/14/22 16:56,1,hum2
7/14/22 16:58,1,hum2
7/14/22 16:58,1,hum2
7/14/22 16:59,1,hum2
7/14/22 17:00,1,hum2
7/14/22 17:01,1,hum2
7/14/22 17:01,1,hum2
7/14/22 17:04,1,hum2
7/14/22 17:05,1,hum2
7/14/22 17:05,1,hum2
7/14/22 17:05,1,hum2
7/14/22 17:06,1,hum2
7/14/22 17:06,1,hum2
7/14/22 17:06,1,hum2
7/14/22 17:07,1,hum2
7/14/22 17:07,1,hum2
7/14/22 17:08,1,hum2
7/14/22 17:09,1,hum2
7/14/22 17:09,1,hum2
7/14/22 17:10,1,hum2
7/14/22 17:10,1,hum2
7/14/22 17:12,1,hum2
7/14/22 17:12,1,hum2
7/14/22 17:13,1,hum2
7/14/22 17:15,1,hum2
7/14/22 17:16,1,hum2
7/14/22 17:17,1,hum2
7/14/22 17:18,1,hum2
7/14/22 17:31,1,hum2
7/14/22 22:42,1,hum2
7/15/22 18:09,1,hum2
7/15/22 18:28,1,hum2
7/15/22 20:29,1,hum2
7/15/22 21:21,1,hum2
7/15/22 21:41,1,hum2
7/15/22 21:47,1,hum2
7/15/22 21:57,1,hum2
7/15/22 21:59,1,hum2
7/15/22 22:01,1,hum2
7/15/22 22:11,1,hum2
7/15/22 22:13,1,hum2
7/15/22 22:19,1,hum2
7/15/22 22:25,1,hum2
7/15/22 22:29,1,hum2
7/15/22 22:32,1,hum2
7/15/22 22:39,1,hum2
7/15/22 22:47,1,hum2
7/15/22 22:52,1,hum2
7/15/22 22:55,1,hum2
7/15/22 23:01,1,hum2
7/15/22 23:08,1,hum2
7/15/22 23:30,1,hum2
7/16/22 10:57,1,hum2
7/16/22 11:04,1,hum2
7/16/22 11:31,1,hum2
7/16/22 11:35,1,hum2
7/16/22 12:04,1,hum2
7/18/22 17:03,1,hum2
7/18/22 17:05,1,hum2
7/20/22 15:04,1,hum2
7/21/22 12:36,1,hum2
7/21/22 12:36,1,hum2
7/21/22 12:37,1,hum2
7/21/22 12:37,1,hum2
7/21/22 12:37,1,hum2
7/21/22 12:38,1,hum2
7/21/22 12:38,1,hum2
7/21/22 12:38,1,hum2
7/21/22 12:39,1,hum2
7/21/22 12:39,1,hum2
7/21/22 12:39,1,hum2
7/21/22 12:39,1,hum2
7/21/22 12:39,1,hum2
7/21/22 12:39,1,hum2
7/23/22 17:39,1,hum2
7/23/22 17:40,1,hum2
7/24/22 4:00,1,hum2
7/24/22 14:57,1,hum2
7/24/22 17:32,1,hum2
7/28/22 14:45,1,hum2
7/28/22 14:50,1,hum2
7/28/22 14:52,1,hum2
7/28/22 14:55,1,hum2
7/28/22 14:56,1,hum2
7/28/22 14:56,1,hum2
7/28/22 14:56,1,hum2
7/28/22 14:57,1,hum2
7/28/22 14:57,1,hum2
7/28/22 14:57,1,hum2
7/28/22 14:58,1,hum2
7/28/22 14:58,1,hum2
7/28/22 14:58,1,hum2
7/28/22 14:59,1,hum2
7/28/22 14:59,1,hum2
7/28/22 15:00,1,hum2
7/28/22 15:00,1,hum2
7/28/22 15:00,1,hum2
7/28/22 15:01,1,hum2
7/28/22 15:02,1,hum2
7/28/22 15:04,1,hum2
7/28/22 15:09,1,hum2
7/28/22 15:13,1,hum2
7/31/22 11:26,1,hum2
7/31/22 11:31,1,hum2
8/1/22 11:58,1,hum2
8/1/22 11:59,1,hum2
8/1/22 12:00,1,hum2
8/1/22 12:02,1,hum2
8/1/22 12:25,1,hum2
8/2/22 11:58,1,hum2
8/2/22 17:25,1,hum2
8/2/22 17:35,1,hum2
8/2/22 17:40,1,hum2
8/2/22 20:08,1,hum2
8/2/22 20:21,1,hum2
8/4/22 11:15,1,hum2
6/20/22 23:00,1,lpm
6/23/22 17:40,1,lpm
6/23/22 17:50,1,lpm
6/23/22 18:05,1,lpm
6/23/22 18:14,1,lpm
6/23/22 18:26,1,lpm
6/23/22 18:35,1,lpm
6/23/22 18:47,1,lpm
6/23/22 19:04,1,lpm
6/24/22 11:23,1,lpm
6/24/22 17:37,1,lpm
6/26/22 14:39,1,lpm
6/26/22 14:40,1,lpm
6/26/22 14:41,1,lpm
6/26/22 14:41,1,lpm
6/26/22 14:42,1,lpm
6/26/22 14:42,1,lpm
6/26/22 14:42,1,lpm
6/26/22 14:42,1,lpm
6/26/22 14:43,1,lpm
6/26/22 14:43,1,lpm
6/26/22 14:43,1,lpm
6/26/22 14:44,1,lpm
6/26/22 14:44,1,lpm
6/26/22 14:45,1,lpm
6/26/22 14:45,1,lpm
6/26/22 14:45,1,lpm
6/26/22 14:45,1,lpm
6/26/22 14:46,1,lpm
6/26/22 14:46,1,lpm
6/26/22 14:46,1,lpm
6/26/22 14:47,1,lpm
6/26/22 14:47,1,lpm
6/26/22 14:48,1,lpm
6/26/22 14:48,1,lpm
6/26/22 14:49,1,lpm
6/26/22 14:49,1,lpm
6/26/22 14:50,1,lpm
6/26/22 14:51,1,lpm
6/26/22 14:51,1,lpm
6/26/22 14:52,1,lpm
6/26/22 14:52,1,lpm
6/26/22 14:53,1,lpm
6/26/22 14:53,1,lpm
6/26/22 14:54,1,lpm
6/26/22 14:54,1,lpm
6/26/22 14:55,1,lpm
6/26/22 14:55,1,lpm
6/26/22 14:56,1,lpm
6/26/22 14:57,1,lpm
6/26/22 14:57,1,lpm
6/26/22 14:58,1,lpm
6/26/22 14:59,1,lpm
6/26/22 15:01,1,lpm
6/26/22 15:02,1,lpm
6/26/22 15:03,1,lpm
6/26/22 15:06,1,lpm
6/26/22 15:12,1,lpm
6/26/22 15:17,1,lpm
6/26/22 15:21,1,lpm
6/26/22 15:41,1,lpm
6/29/22 16:52,1,lpm
6/29/22 18:11,1,lpm
6/29/22 18:13,1,lpm
6/29/22 18:20,1,lpm
6/29/22 18:34,1,lpm
6/29/22 18:37,1,lpm
6/29/22 18:44,1,lpm
6/29/22 18:47,1,lpm
6/29/22 18:49,1,lpm
6/29/22 18:52,1,lpm
6/29/22 18:56,1,lpm
6/29/22 18:58,1,lpm
6/29/22 19:01,1,lpm
6/29/22 19:03,1,lpm
6/29/22 19:04,1,lpm
6/29/22 19:07,1,lpm
6/29/22 19:09,1,lpm
6/29/22 19:12,1,lpm
6/29/22 19:25,1,lpm
6/30/22 6:44,1,lpm
6/30/22 7:42,1,lpm
6/30/22 7:54,1,lpm
6/30/22 8:01,1,lpm
6/30/22 8:18,1,lpm
6/30/22 8:49,1,lpm
6/30/22 8:53,1,lpm
6/30/22 8:56,1,lpm
6/30/22 9:01,1,lpm
6/30/22 9:12,1,lpm
6/30/22 9:15,1,lpm
6/30/22 9:22,1,lpm
6/30/22 9:26,1,lpm
6/30/22 9:30,1,lpm
6/30/22 9:32,1,lpm
6/30/22 10:16,1,lpm
6/30/22 20:05,1,lpm
6/30/22 20:09,1,lpm
6/30/22 20:11,1,lpm
6/30/22 20:15,1,lpm
6/30/22 20:18,1,lpm
6/30/22 20:21,1,lpm
6/30/22 20:23,1,lpm
6/30/22 20:26,1,lpm
6/30/22 20:30,1,lpm
6/30/22 20:34,1,lpm
6/30/22 20:41,1,lpm
6/30/22 20:44,1,lpm
6/30/22 20:48,1,lpm
6/30/22 20:51,1,lpm
6/30/22 20:57,1,lpm
6/30/22 21:04,1,lpm
6/30/22 21:10,1,lpm
6/30/22 21:18,1,lpm
6/30/22 21:26,1,lpm
6/30/22 21:32,1,lpm
6/30/22 21:51,1,lpm
7/1/22 21:07,1,lpm
7/1/22 21:19,1,lpm
7/3/22 16:34,1,lpm
7/3/22 16:35,1,lpm
7/3/22 16:37,1,lpm
7/5/22 12:13,1,lpm
7/5/22 12:15,1,lpm
7/5/22 12:16,1,lpm
7/5/22 12:16,1,lpm
7/5/22 12:16,1,lpm
7/5/22 12:17,1,lpm
7/5/22 12:17,1,lpm
7/5/22 12:18,1,lpm
7/5/22 12:19,1,lpm
7/5/22 12:19,1,lpm
7/5/22 12:20,1,lpm
7/5/22 12:21,1,lpm
7/5/22 12:21,1,lpm
7/5/22 12:22,1,lpm
7/5/22 12:22,1,lpm
7/5/22 12:23,1,lpm
7/5/22 12:23,1,lpm
7/5/22 12:25,1,lpm
7/5/22 12:27,1,lpm
7/5/22 12:30,1,lpm
7/5/22 12:43,1,lpm
7/5/22 12:45,1,lpm
7/5/22 12:46,1,lpm
7/5/22 12:49,1,lpm
7/5/22 12:52,1,lpm
7/5/22 12:53,1,lpm
7/5/22 12:53,1,lpm
7/5/22 12:54,1,lpm
7/5/22 12:54,1,lpm
7/5/22 12:55,1,lpm
7/5/22 12:55,1,lpm
7/5/22 12:55,1,lpm
7/5/22 12:56,1,lpm
7/5/22 12:56,1,lpm
7/5/22 12:56,1,lpm
7/5/22 12:57,1,lpm
7/5/22 12:57,1,lpm
7/5/22 12:57,1,lpm
7/5/22 12:57,1,lpm
7/5/22 12:58,1,lpm
7/5/22 12:58,1,lpm
7/5/22 12:59,1,lpm
7/5/22 13:00,1,lpm
7/5/22 13:03,1,lpm
7/5/22 13:17,1,lpm
7/5/22 16:21,1,lpm
7/5/22 16:34,1,lpm
7/5/22 16:41,1,lpm
7/5/22 16:44,1,lpm
7/5/22 16:48,1,lpm
7/5/22 16:51,1,lpm
7/5/22 16:56,1,lpm
7/5/22 17:01,1,lpm
7/5/22 17:14,1,lpm
7/5/22 17:48,1,lpm
7/5/22 23:54,1,lpm
7/6/22 13:54,1,lpm
7/6/22 13:59,1,lpm
7/7/22 13:08,1,lpm
7/7/22 13:09,1,lpm
7/7/22 13:09,1,lpm
7/7/22 13:11,1,lpm
7/7/22 13:15,1,lpm
7/7/22 13:16,1,lpm
7/7/22 13:19,1,lpm
7/12/22 12:46,1,lpm
7/12/22 12:46,1,lpm
7/12/22 12:49,1,lpm
7/12/22 12:51,1,lpm
7/13/22 14:25,1,lpm
7/13/22 23:46,1,lpm
7/14/22 14:37,1,lpm
7/14/22 14:43,1,lpm
7/14/22 14:46,1,lpm
7/14/22 14:48,1,lpm
7/14/22 14:48,1,lpm
7/14/22 14:49,1,lpm
7/14/22 14:50,1,lpm
7/14/22 14:51,1,lpm
7/14/22 14:52,1,lpm
7/14/22 14:53,1,lpm
7/14/22 14:55,1,lpm
7/15/22 22:36,1,lpm
7/15/22 22:48,1,lpm
7/16/22 1:54,1,lpm
7/16/22 12:37,1,lpm
7/16/22 12:40,1,lpm
7/20/22 12:23,1,lpm
7/23/22 13:10,1,lpm
7/23/22 13:11,1,lpm
7/23/22 13:11,1,lpm
7/23/22 13:11,1,lpm
7/23/22 13:12,1,lpm
7/23/22 13:12,1,lpm
7/23/22 13:12,1,lpm
7/23/22 13:12,1,lpm
7/23/22 13:12,1,lpm
7/23/22 13:13,1,lpm
7/23/22 13:13,1,lpm
7/23/22 13:17,1,lpm
7/23/22 13:26,1,lpm
7/23/22 13:27,1,lpm
7/23/22 13:27,1,lpm
7/23/22 13:28,1,lpm
7/23/22 13:28,1,lpm
7/23/22 13:29,1,lpm
7/23/22 13:30,1,lpm
7/23/22 13:31,1,lpm
7/23/22 13:33,1,lpm
7/23/22 13:33,1,lpm
7/23/22 13:42,1,lpm
7/23/22 17:34,1,lpm
7/23/22 17:34,1,lpm
7/23/22 17:34,1,lpm
7/23/22 17:35,1,lpm
7/23/22 17:35,1,lpm
7/23/22 17:35,1,lpm
7/23/22 17:35,1,lpm
7/23/22 17:35,1,lpm
7/23/22 17:35,1,lpm
7/23/22 17:36,1,lpm
7/23/22 17:36,1,lpm
7/23/22 17:36,1,lpm
7/23/22 17:36,1,lpm
7/23/22 17:37,1,lpm
7/23/22 17:37,1,lpm
7/23/22 17:37,1,lpm
7/23/22 17:37,1,lpm
7/23/22 17:38,1,lpm
7/23/22 17:38,1,lpm
7/23/22 17:38,1,lpm
7/23/22 17:39,1,lpm
7/23/22 17:39,1,lpm
7/23/22 17:40,1,lpm
7/23/22 17:40,1,lpm
7/23/22 17:41,1,lpm
7/23/22 17:42,1,lpm
7/23/22 17:43,1,lpm
7/23/22 17:45,1,lpm
7/24/22 9:16,1,lpm
7/24/22 14:37,1,lpm
7/24/22 14:40,1,lpm
7/24/22 14:43,1,lpm
7/24/22 14:44,1,lpm
7/24/22 14:49,1,lpm
7/24/22 14:57,1,lpm
7/24/22 16:26,1,lpm
7/24/22 16:32,1,lpm
7/24/22 16:36,1,lpm
7/24/22 16:41,1,lpm
7/24/22 18:51,1,lpm
7/24/22 18:57,1,lpm
7/25/22 2:51,1,lpm
7/28/22 15:24,1,lpm
7/28/22 15:30,1,lpm
7/28/22 15:32,1,lpm
7/28/22 15:34,1,lpm
7/28/22 15:37,1,lpm
7/28/22 15:39,1,lpm
7/28/22 15:41,1,lpm
7/28/22 15:42,1,lpm
7/28/22 15:44,1,lpm
7/28/22 15:50,1,lpm
7/28/22 15:55,1,lpm
7/28/22 16:00,1,lpm
7/28/22 16:08,1,lpm
7/28/22 16:13,1,lpm
7/28/22 16:17,1,lpm
7/28/22 16:24,1,lpm
7/29/22 11:58,1,lpm
7/31/22 12:10,1,lpm
7/31/22 12:11,1,lpm
7/31/22 12:12,1,lpm
7/31/22 12:14,1,lpm
7/31/22 13:06,1,lpm
7/31/22 13:08,1,lpm
7/31/22 13:11,1,lpm
7/31/22 13:12,1,lpm
7/31/22 13:14,1,lpm
7/31/22 14:10,1,lpm
8/1/22 13:13,1,lpm
8/1/22 13:25,1,lpm
8/1/22 13:30,1,lpm
8/2/22 12:02,1,lpm
8/2/22 12:04,1,lpm
8/2/22 12:05,1,lpm
8/2/22 14:29,1,lpm
8/2/22 14:30,1,lpm
8/2/22 14:34,1,lpm
8/2/22 14:46,1,lpm
8/2/22 17:43,1,lpm
8/2/22 17:44,1,lpm
8/2/22 17:44,1,lpm
8/2/22 17:46,1,lpm
8/2/22 17:50,1,lpm
8/2/22 17:51,1,lpm
8/2/22 17:51,1,lpm
8/2/22 17:52,1,lpm
8/2/22 17:53,1,lpm
8/2/22 17:55,1,lpm
8/3/22 1:58,1,lpm
8/4/22 8:34,1,lpm
8/4/22 8:34,1,lpm
8/4/22 8:34,1,lpm
8/5/22 15:32,1,lpm
8/5/22 15:34,1,lpm
8/5/22 17:41,1,lpm
8/5/22 18:49,1,lpm
8/5/22 19:35,1,lpm
8/11/22 16:35,1,lpm
8/12/22 19:43,1,lpm
8/12/22 19:43,1,lpm
8/12/22 19:45,1,lpm
8/12/22 19:47,1,lpm
8/14/22 15:12,1,lpm
8/14/22 20:15,1,lpm
8/14/22 20:25,1,lpm
8/14/22 20:30,1,lpm
8/14/22 20:35,1,lpm
8/14/22 20:39,1,lpm
8/14/22 20:55,1,lpm
8/14/22 21:00,1,lpm
8/14/22 21:15,1,lpm
8/14/22 21:18,1,lpm
8/14/22 21:21,1,lpm
8/14/22 21:23,1,lpm
8/14/22 21:31,1,lpm
8/14/22 21:33,1,lpm
8/14/22 21:36,1,lpm
8/14/22 21:38,1,lpm
8/14/22 21:42,1,lpm
8/14/22 21:45,1,lpm
8/14/22 21:47,1,lpm
8/14/22 21:49,1,lpm
8/14/22 21:52,1,lpm
8/14/22 21:54,1,lpm
8/14/22 21:58,1,lpm
8/14/22 22:05,1,lpm
8/14/22 22:40,1,lpm
8/14/22 22:59,1,lpm
8/15/22 17:19,1,lpm
8/15/22 17:39,1,lpm
8/15/22 17:43,1,lpm
8/15/22 17:44,1,lpm
8/15/22 17:47,1,lpm
8/15/22 17:49,1,lpm
8/15/22 17:53,1,lpm
8/15/22 17:55,1,lpm
8/15/22 17:57,1,lpm
8/15/22 17:59,1,lpm
8/15/22 18:01,1,lpm
8/15/22 18:03,1,lpm
8/15/22 18:04,1,lpm
8/15/22 18:06,1,lpm
8/15/22 18:07,1,lpm
8/15/22 18:10,1,lpm
8/15/22 18:31,1,lpm
8/15/22 19:38,1,lpm
8/15/22 19:51,1,lpm
8/15/22 20:02,1,lpm
8/15/22 20:21,1,lpm
8/15/22 20:40,1,lpm
8/16/22 3:48,1,lpm
8/16/22 10:09,1,lpm
8/16/22 10:14,1,lpm
8/16/22 10:18,1,lpm
8/16/22 10:32,1,lpm
8/16/22 14:56,1,lpm
8/16/22 15:10,1,lpm
8/17/22 8:49,1,lpm
8/17/22 8:49,1,lpm
8/17/22 8:51,1,lpm
8/17/22 8:52,1,lpm
8/20/22 15:43,1,lpm
8/20/22 16:24,1,lpm
8/20/22 16:24,1,lpm
8/20/22 16:24,1,lpm
8/20/22 16:25,1,lpm
8/20/22 16:25,1,lpm
8/20/22 16:25,1,lpm
8/20/22 16:25,1,lpm
8/20/22 16:25,1,lpm
8/20/22 16:26,1,lpm
8/20/22 16:26,1,lpm
8/20/22 16:26,1,lpm
8/20/22 16:27,1,lpm
8/20/22 16:27,1,lpm
8/20/22 16:27,1,lpm
8/20/22 16:27,1,lpm
8/20/22 16:28,1,lpm
8/20/22 16:28,1,lpm
8/20/22 16:28,1,lpm
8/20/22 16:28,1,lpm
8/20/22 16:28,1,lpm
8/20/22 16:28,1,lpm
8/20/22 16:29,1,lpm
8/20/22 16:29,1,lpm
8/20/22 16:30,1,lpm
8/20/22 16:30,1,lpm
8/20/22 16:30,1,lpm
8/20/22 16:30,1,lpm
8/20/22 16:30,1,lpm
8/20/22 16:31,1,lpm
8/20/22 16:31,1,lpm
8/20/22 16:32,1,lpm
8/20/22 16:32,1,lpm
8/20/22 16:33,1,lpm
8/20/22 16:33,1,lpm
8/20/22 16:34,1,lpm
8/20/22 16:35,1,lpm
8/20/22 16:36,1,lpm
8/20/22 16:36,1,lpm
8/20/22 16:37,1,lpm
8/20/22 16:37,1,lpm
8/20/22 16:37,1,lpm
8/20/22 16:38,1,lpm
8/20/22 16:38,1,lpm
8/20/22 16:39,1,lpm
8/20/22 16:40,1,lpm
8/20/22 16:41,1,lpm
8/20/22 16:41,1,lpm
8/20/22 16:42,1,lpm
8/20/22 16:42,1,lpm
8/20/22 16:42,1,lpm
8/20/22 16:43,1,lpm
8/20/22 16:43,1,lpm
8/20/22 16:43,1,lpm
8/20/22 16:43,1,lpm
8/20/22 16:44,1,lpm
8/20/22 16:44,1,lpm
8/20/22 16:44,1,lpm
8/20/22 16:45,1,lpm
8/20/22 16:45,1,lpm
8/20/22 16:47,1,lpm
8/20/22 16:48,1,lpm
8/20/22 16:48,1,lpm
8/20/22 16:51,1,lpm
8/20/22 18:07,1,lpm
8/20/22 18:21,1,lpm
8/20/22 18:29,1,lpm
8/20/22 18:42,1,lpm
8/20/22 19:22,1,lpm
8/21/22 16:24,1,lpm
8/22/22 13:27,1,lpm
8/22/22 14:09,1,lpm
8/22/22 14:13,1,lpm
8/22/22 14:17,1,lpm
8/22/22 14:24,1,lpm
8/22/22 14:31,1,lpm
8/22/22 14:34,1,lpm
8/22/22 14:34,1,lpm
8/22/22 14:35,1,lpm
8/22/22 14:35,1,lpm
8/22/22 14:36,1,lpm
8/22/22 14:36,1,lpm
8/22/22 14:37,1,lpm
8/22/22 14:37,1,lpm
8/22/22 14:39,1,lpm
8/22/22 14:39,1,lpm
8/22/22 14:40,1,lpm
8/22/22 14:41,1,lpm
8/22/22 14:44,1,lpm
8/22/22 14:46,1,lpm
8/22/22 14:47,1,lpm
8/22/22 14:49,1,lpm
8/22/22 14:50,1,lpm
8/22/22 14:51,1,lpm
8/22/22 14:52,1,lpm
8/22/22 14:53,1,lpm
8/22/22 14:55,1,lpm
8/22/22 14:56,1,lpm
8/22/22 15:13,1,lpm
8/24/22 16:47,1,lpm
8/24/22 16:49,1,lpm
8/24/22 16:51,1,lpm
8/24/22 16:57,1,lpm
8/26/22 14:43,1,lpm
8/26/22 14:49,1,lpm
8/26/22 15:14,1,lpm
8/26/22 16:51,1,lpm
8/27/22 18:00,1,lpm
8/28/22 13:58,1,lpm
8/28/22 13:59,1,lpm
8/28/22 14:01,1,lpm
8/28/22 14:04,1,lpm
8/28/22 14:10,1,lpm
8/28/22 14:12,1,lpm
8/28/22 14:14,1,lpm
8/28/22 14:15,1,lpm
8/28/22 14:15,1,lpm
8/28/22 14:16,1,lpm
8/28/22 14:17,1,lpm
8/28/22 14:18,1,lpm
8/28/22 14:23,1,lpm
8/28/22 14:24,1,lpm
8/28/22 14:46,1,lpm
8/28/22 14:46,1,lpm
8/28/22 14:47,1,lpm
8/28/22 14:47,1,lpm
8/28/22 14:48,1,lpm
8/28/22 14:48,1,lpm
8/28/22 14:48,1,lpm
8/28/22 14:48,1,lpm
8/28/22 14:49,1,lpm
8/28/22 14:49,1,lpm
8/28/22 14:50,1,lpm
8/28/22 14:50,1,lpm
8/28/22 14:51,1,lpm
8/28/22 14:51,1,lpm
8/28/22 14:52,1,lpm
8/28/22 14:53,1,lpm
8/28/22 14:57,1,lpm
6/20/22 11:37,1,mub
6/20/22 12:38,1,mub
6/20/22 12:38,1,mub
6/20/22 12:38,1,mub
6/20/22 12:40,1,mub
6/20/22 12:40,1,mub
6/20/22 12:45,1,mub
6/20/22 12:45,1,mub
6/20/22 12:46,1,mub
6/20/22 12:46,1,mub
6/20/22 12:46,1,mub
6/20/22 12:48,1,mub
6/20/22 12:48,1,mub
6/20/22 12:48,1,mub
6/23/22 15:21,1,mub
6/23/22 15:22,1,mub
6/23/22 15:23,1,mub
6/23/22 15:24,1,mub
6/23/22 15:25,1,mub
6/23/22 15:26,1,mub
6/23/22 15:28,1,mub
6/23/22 15:29,1,mub
6/23/22 15:31,1,mub
6/23/22 15:33,1,mub
6/23/22 17:06,1,mub
6/23/22 17:43,1,mub
6/23/22 17:52,1,mub
6/23/22 17:57,1,mub
6/23/22 18:00,1,mub
6/23/22 18:05,1,mub
6/23/22 18:08,1,mub
6/23/22 18:11,1,mub
6/23/22 18:13,1,mub
6/23/22 18:17,1,mub
6/23/22 18:22,1,mub
6/23/22 18:26,1,mub
6/23/22 19:11,1,mub
6/24/22 11:48,1,mub
6/24/22 11:51,1,mub
6/24/22 16:40,1,mub
6/24/22 16:41,1,mub
6/24/22 16:52,1,mub
6/24/22 17:26,1,mub
6/26/22 11:26,1,mub
6/26/22 11:49,1,mub
6/26/22 11:52,1,mub
6/26/22 13:25,1,mub
6/26/22 14:16,1,mub
6/26/22 14:17,1,mub
6/26/22 14:18,1,mub
6/26/22 14:18,1,mub
6/26/22 14:19,1,mub
6/26/22 14:19,1,mub
6/26/22 14:20,1,mub
6/26/22 14:20,1,mub
6/26/22 14:20,1,mub
6/26/22 14:20,1,mub
6/26/22 14:21,1,mub
6/26/22 14:21,1,mub
6/26/22 14:21,1,mub
6/26/22 14:22,1,mub
6/26/22 14:22,1,mub
6/26/22 14:23,1,mub
6/26/22 14:23,1,mub
6/26/22 14:24,1,mub
6/26/22 14:24,1,mub
6/26/22 14:25,1,mub
6/26/22 14:27,1,mub
6/26/22 14:27,1,mub
6/26/22 14:28,1,mub
6/26/22 14:29,1,mub
6/26/22 14:30,1,mub
6/26/22 14:31,1,mub
6/26/22 14:33,1,mub
6/26/22 14:34,1,mub
6/26/22 14:35,1,mub
6/26/22 14:36,1,mub
6/26/22 14:37,1,mub
6/26/22 14:38,1,mub
6/26/22 14:38,1,mub
6/26/22 14:38,1,mub
6/26/22 14:39,1,mub
6/26/22 14:41,1,mub
6/26/22 14:42,1,mub
6/26/22 14:42,1,mub
6/26/22 14:43,1,mub
6/26/22 14:43,1,mub
6/26/22 14:44,1,mub
6/26/22 14:45,1,mub
6/26/22 14:47,1,mub
6/26/22 14:48,1,mub
6/26/22 14:49,1,mub
6/26/22 14:49,1,mub
6/26/22 14:49,1,mub
6/26/22 14:50,1,mub
6/26/22 14:51,1,mub
6/26/22 14:52,1,mub
6/26/22 14:54,1,mub
6/26/22 14:55,1,mub
6/26/22 14:56,1,mub
6/26/22 14:56,1,mub
6/26/22 14:56,1,mub
6/26/22 14:57,1,mub
6/26/22 14:58,1,mub
6/26/22 15:00,1,mub
6/26/22 15:01,1,mub
6/26/22 15:02,1,mub
6/26/22 15:02,1,mub
6/26/22 15:03,1,mub
6/26/22 15:05,1,mub
6/26/22 15:06,1,mub
6/26/22 15:07,1,mub
6/26/22 15:11,1,mub
6/26/22 15:12,1,mub
6/26/22 15:31,1,mub
6/26/22 15:35,1,mub
6/26/22 15:38,1,mub
6/27/22 20:36,1,mub
6/29/22 14:27,1,mub
6/29/22 14:28,1,mub
6/29/22 14:29,1,mub
6/29/22 16:52,1,mub
6/29/22 16:57,1,mub
6/29/22 17:06,1,mub
6/29/22 18:43,1,mub
6/29/22 18:50,1,mub
6/29/22 18:54,1,mub
6/29/22 18:56,1,mub
6/29/22 18:57,1,mub
6/29/22 18:58,1,mub
6/29/22 19:06,1,mub
6/29/22 19:11,1,mub
6/29/22 21:59,1,mub
6/30/22 6:42,1,mub
6/30/22 7:56,1,mub
6/30/22 8:21,1,mub
6/30/22 8:46,1,mub
6/30/22 8:52,1,mub
6/30/22 9:02,1,mub
6/30/22 9:08,1,mub
6/30/22 9:31,1,mub
6/30/22 18:58,1,mub
6/30/22 19:04,1,mub
6/30/22 19:15,1,mub
6/30/22 19:32,1,mub
6/30/22 20:02,1,mub
6/30/22 20:08,1,mub
6/30/22 20:11,1,mub
6/30/22 20:15,1,mub
6/30/22 20:18,1,mub
6/30/22 20:21,1,mub
6/30/22 20:23,1,mub
6/30/22 20:26,1,mub
6/30/22 20:28,1,mub
6/30/22 20:31,1,mub
6/30/22 20:33,1,mub
6/30/22 20:37,1,mub
6/30/22 20:38,1,mub
6/30/22 20:41,1,mub
6/30/22 20:45,1,mub
6/30/22 20:49,1,mub
6/30/22 20:52,1,mub
6/30/22 20:56,1,mub
6/30/22 20:58,1,mub
6/30/22 21:01,1,mub
6/30/22 21:06,1,mub
6/30/22 21:20,1,mub
7/1/22 0:26,1,mub
7/1/22 19:51,1,mub
7/1/22 20:04,1,mub
7/1/22 20:20,1,mub
7/1/22 20:30,1,mub
7/1/22 20:44,1,mub
7/1/22 20:55,1,mub
7/1/22 21:14,1,mub
7/1/22 21:20,1,mub
7/5/22 12:20,1,mub
7/5/22 12:21,1,mub
7/5/22 12:23,1,mub
7/5/22 12:24,1,mub
7/5/22 12:25,1,mub
7/5/22 12:25,1,mub
7/5/22 12:26,1,mub
7/5/22 12:26,1,mub
7/5/22 12:27,1,mub
7/5/22 12:27,1,mub
7/5/22 12:27,1,mub
7/5/22 12:27,1,mub
7/5/22 12:28,1,mub
7/5/22 12:28,1,mub
7/5/22 12:28,1,mub
7/5/22 12:28,1,mub
7/5/22 12:29,1,mub
7/5/22 12:30,1,mub
7/5/22 12:30,1,mub
7/5/22 12:31,1,mub
7/5/22 12:31,1,mub
7/5/22 12:31,1,mub
7/5/22 12:32,1,mub
7/5/22 12:33,1,mub
7/5/22 12:34,1,mub
7/5/22 12:36,1,mub
7/5/22 12:37,1,mub
7/5/22 12:39,1,mub
7/5/22 16:29,1,mub
7/5/22 16:38,1,mub
7/5/22 16:58,1,mub
7/5/22 17:02,1,mub
7/5/22 17:07,1,mub
7/5/22 17:11,1,mub
7/5/22 17:20,1,mub
7/5/22 17:24,1,mub
7/5/22 17:50,1,mub
7/5/22 18:19,1,mub
7/12/22 17:07,1,mub
7/12/22 17:38,1,mub
7/13/22 21:57,1,mub
7/13/22 22:04,1,mub
7/14/22 2:16,1,mub
7/14/22 2:20,1,mub
7/15/22 17:46,1,mub
7/15/22 17:47,1,mub
7/15/22 17:48,1,mub
7/15/22 17:49,1,mub
7/15/22 17:54,1,mub
7/15/22 21:51,1,mub
7/15/22 21:59,1,mub
7/15/22 22:19,1,mub
7/15/22 22:28,1,mub
7/15/22 22:33,1,mub
7/15/22 22:39,1,mub
7/15/22 22:43,1,mub
7/15/22 22:49,1,mub
7/15/22 23:02,1,mub
7/16/22 12:02,1,mub
7/16/22 12:04,1,mub
7/16/22 12:07,1,mub
7/16/22 12:18,1,mub
7/18/22 14:48,1,mub
7/18/22 14:53,1,mub
7/18/22 15:20,1,mub
7/20/22 17:11,1,mub
7/21/22 11:00,1,mub
7/23/22 13:45,1,mub
7/23/22 13:46,1,mub
7/23/22 17:31,1,mub
7/23/22 17:32,1,mub
7/23/22 17:32,1,mub
7/23/22 17:34,1,mub
7/23/22 17:36,1,mub
7/23/22 17:40,1,mub
7/24/22 14:37,1,mub
7/24/22 16:21,1,mub
7/24/22 16:29,1,mub
7/24/22 18:30,1,mub
7/24/22 18:46,1,mub
7/24/22 18:52,1,mub
7/28/22 15:03,1,mub
7/28/22 15:06,1,mub
7/28/22 15:09,1,mub
7/28/22 15:10,1,mub
7/28/22 15:10,1,mub
7/28/22 15:11,1,mub
7/28/22 15:11,1,mub
7/28/22 15:12,1,mub
7/28/22 15:12,1,mub
7/28/22 15:13,1,mub
7/28/22 15:14,1,mub
7/28/22 15:14,1,mub
7/28/22 15:15,1,mub
7/28/22 15:15,1,mub
7/28/22 15:16,1,mub
7/28/22 15:17,1,mub
7/28/22 15:18,1,mub
7/28/22 15:18,1,mub
7/28/22 15:20,1,mub
7/28/22 15:22,1,mub
7/28/22 15:25,1,mub
7/28/22 15:26,1,mub
7/28/22 15:32,1,mub
7/28/22 15:58,1,mub
7/29/22 12:06,1,mub
7/29/22 12:10,1,mub
7/29/22 12:15,1,mub
7/29/22 12:16,1,mub
7/29/22 12:16,1,mub
7/29/22 12:17,1,mub
7/29/22 12:18,1,mub
7/29/22 12:19,1,mub
7/29/22 12:22,1,mub
7/29/22 12:25,1,mub
7/29/22 15:10,1,mub
7/29/22 19:50,1,mub
8/2/22 14:04,1,mub
8/2/22 14:25,1,mub
8/2/22 14:25,1,mub
8/2/22 14:25,1,mub
8/2/22 14:25,1,mub
8/2/22 14:26,1,mub
8/2/22 14:26,1,mub
8/2/22 14:26,1,mub
8/2/22 14:27,1,mub
8/2/22 14:27,1,mub
8/2/22 14:29,1,mub
8/2/22 14:30,1,mub
8/2/22 14:41,1,mub
8/2/22 14:42,1,mub
8/2/22 15:49,1,mub
8/2/22 17:33,1,mub
8/2/22 17:34,1,mub
8/2/22 17:34,1,mub
8/2/22 17:35,1,mub
8/2/22 17:38,1,mub
8/2/22 17:47,1,mub
8/2/22 20:27,1,mub
8/4/22 9:13,1,mub
8/4/22 9:13,1,mub
8/5/22 13:53,1,mub
8/5/22 15:30,1,mub
8/5/22 19:19,1,mub
8/5/22 19:21,1,mub
8/12/22 20:13,1,mub
8/12/22 22:52,1,mub
8/14/22 15:22,1,mub
8/14/22 15:24,1,mub
8/14/22 15:30,1,mub
8/14/22 16:52,1,mub
8/14/22 17:03,1,mub
8/14/22 17:05,1,mub
8/14/22 17:20,1,mub
8/14/22 17:23,1,mub
8/14/22 20:01,1,mub
8/14/22 20:03,1,mub
8/14/22 20:09,1,mub
8/14/22 20:13,1,mub
8/14/22 20:22,1,mub
8/14/22 20:27,1,mub
8/14/22 20:30,1,mub
8/14/22 20:33,1,mub
8/14/22 20:36,1,mub
8/14/22 20:39,1,mub
8/14/22 20:45,1,mub
8/14/22 20:51,1,mub
8/14/22 20:55,1,mub
8/14/22 20:56,1,mub
8/14/22 20:59,1,mub
8/14/22 21:01,1,mub
8/14/22 21:05,1,mub
8/14/22 21:07,1,mub
8/14/22 21:11,1,mub
8/14/22 21:13,1,mub
8/14/22 21:17,1,mub
8/14/22 21:22,1,mub
8/14/22 21:31,1,mub
8/14/22 21:39,1,mub
8/14/22 21:50,1,mub
8/14/22 21:52,1,mub
8/14/22 21:55,1,mub
8/14/22 21:57,1,mub
8/14/22 22:01,1,mub
8/14/22 22:07,1,mub
8/15/22 1:45,1,mub
8/15/22 17:08,1,mub
8/15/22 17:12,1,mub
8/15/22 17:12,1,mub
8/15/22 17:14,1,mub
8/15/22 17:15,1,mub
8/15/22 17:21,1,mub
8/15/22 17:21,1,mub
8/15/22 17:22,1,mub
8/15/22 17:23,1,mub
8/15/22 17:24,1,mub
8/15/22 17:25,1,mub
8/15/22 17:28,1,mub
8/15/22 17:29,1,mub
8/15/22 17:30,1,mub
8/15/22 17:31,1,mub
8/15/22 17:32,1,mub
8/15/22 17:37,1,mub
8/15/22 17:41,1,mub
8/15/22 17:46,1,mub
8/15/22 17:50,1,mub
8/15/22 17:52,1,mub
8/15/22 17:57,1,mub
8/15/22 18:44,1,mub
8/15/22 19:33,1,mub
8/15/22 19:42,1,mub
8/16/22 10:07,1,mub
8/16/22 10:30,1,mub
8/16/22 10:33,1,mub
8/16/22 10:36,1,mub
8/16/22 10:37,1,mub
8/16/22 10:38,1,mub
8/16/22 10:41,1,mub
8/16/22 10:46,1,mub
8/16/22 10:53,1,mub
8/16/22 12:52,1,mub
8/16/22 14:27,1,mub
8/16/22 14:37,1,mub
8/16/22 14:49,1,mub
8/16/22 14:55,1,mub
8/16/22 15:12,1,mub
8/19/22 14:09,1,mub
8/19/22 14:11,1,mub
8/19/22 14:13,1,mub
8/19/22 14:15,1,mub
8/19/22 14:18,1,mub
8/19/22 14:31,1,mub
8/20/22 17:48,1,mub
8/21/22 14:16,1,mub
8/21/22 14:22,1,mub
8/21/22 14:29,1,mub
8/21/22 14:32,1,mub
8/21/22 14:39,1,mub
8/21/22 14:43,1,mub
8/21/22 14:54,1,mub
8/21/22 15:19,1,mub
8/21/22 15:39,1,mub
8/21/22 15:49,1,mub
8/21/22 18:12,1,mub
8/22/22 14:19,1,mub
8/22/22 15:11,1,mub
8/22/22 15:14,1,mub
8/22/22 15:20,1,mub
8/24/22 16:01,1,mub
8/24/22 16:04,1,mub
8/24/22 16:04,1,mub
8/24/22 16:05,1,mub
8/24/22 16:05,1,mub
8/24/22 16:06,1,mub
8/24/22 16:07,1,mub
8/24/22 16:08,1,mub
8/24/22 16:09,1,mub
8/25/22 13:00,1,mub
8/25/22 13:02,1,mub
8/25/22 13:04,1,mub
8/25/22 13:05,1,mub
8/25/22 13:06,1,mub
8/25/22 13:06,1,mub
8/25/22 13:07,1,mub
8/25/22 13:07,1,mub
8/25/22 13:07,1,mub
8/25/22 13:07,1,mub
8/25/22 13:10,1,mub
8/25/22 13:25,1,mub
8/25/22 14:09,1,mub
8/25/22 14:12,1,mub
8/25/22 14:14,1,mub
8/25/22 14:16,1,mub
8/25/22 14:35,1,mub
8/25/22 14:37,1,mub
8/26/22 17:31,1,mub
8/27/22 17:34,1,mub
8/27/22 17:39,1,mub
8/27/22 17:43,1,mub
8/27/22 17:54,1,mub
8/28/22 13:27,1,mub
8/28/22 13:48,1,mub
8/28/22 13:50,1,mub
8/28/22 14:09,1,mub
8/28/22 14:10,1,mub
8/28/22 14:11,1,mub
8/28/22 14:11,1,mub
8/28/22 14:12,1,mub
8/28/22 14:13,1,mub
8/28/22 14:13,1,mub
8/28/22 14:14,1,mub
8/28/22 14:14,1,mub
8/28/22 14:15,1,mub
8/28/22 14:15,1,mub
8/28/22 14:16,1,mub
8/28/22 14:17,1,mub
8/28/22 14:17,1,mub
8/28/22 14:18,1,mub
8/28/22 14:19,1,mub
8/28/22 14:20,1,mub
8/28/22 14:20,1,mub
8/28/22 14:21,1,mub
8/28/22 14:22,1,mub
8/28/22 14:30,1,mub
8/28/22 14:33,1,mub
8/28/22 14:34,1,mub
8/28/22 14:35,1,mub
8/28/22 14:36,1,mub
8/28/22 14:36,1,mub
8/28/22 14:37,1,mub
8/28/22 14:37,1,mub
8/28/22 14:37,1,mub
8/28/22 14:38,1,mub
8/28/22 14:38,1,mub
8/28/22 14:38,1,mub
8/28/22 14:39,1,mub
8/28/22 14:39,1,mub
8/28/22 14:40,1,mub
8/28/22 14:40,1,mub
8/28/22 14:41,1,mub
8/28/22 14:41,1,mub
8/28/22 14:43,1,mub
8/28/22 14:45,1,mub
8/28/22 14:53,1,mub
8/28/22 18:26,1,mub
8/28/22 18:27,1,mub
8/28/22 18:30,1,mub
9/14/22 14:41,1,mub
9/14/22 14:46,1,mub
9/14/22 14:52,1,mub
9/14/22 14:54,1,mub
9/14/22 15:01,1,mub
9/14/22 15:02,1,mub
9/14/22 15:06,1,mub
9/14/22 15:08,1,mub
9/14/22 15:30,1,mub
9/14/22 15:37,1,mub
9/14/22 19:24,1,mub
9/15/22 6:57,1,mub
9/15/22 7:13,1,mub
9/15/22 7:22,1,mub
9/15/22 8:19,1,mub
9/15/22 8:25,1,mub
9/15/22 8:38,1,mub
9/15/22 8:47,1,mub
9/15/22 9:03,1,mub
9/15/22 9:22,1,mub
9/15/22 17:08,1,mub
9/15/22 17:22,1,mub
9/15/22 17:42,1,mub
9/15/22 17:58,1,mub
9/15/22 19:58,1,mub
9/16/22 3:49,1,mub
9/16/22 11:19,1,mub
9/16/22 11:23,1,mub
9/16/22 11:46,1,mub
9/16/22 13:29,1,mub
9/17/22 4:28,1,mub
9/17/22 4:31,1,mub
9/21/22 13:42,1,mub
9/21/22 13:43,1,mub
9/21/22 13:45,1,mub
9/21/22 13:46,1,mub
9/21/22 13:48,1,mub
9/21/22 13:50,1,mub
9/21/22 13:52,1,mub
9/21/22 13:53,1,mub
9/21/22 13:54,1,mub
9/21/22 13:55,1,mub
9/21/22 13:58,1,mub
9/21/22 14:00,1,mub
9/21/22 17:11,1,mub
9/21/22 20:37,1,mub
9/21/22 21:01,1,mub
9/21/22 21:05,1,mub
9/21/22 21:11,1,mub
9/21/22 21:16,1,mub
9/21/22 21:27,1,mub
9/21/22 21:42,1,mub
9/21/22 21:56,1,mub
9/21/22 22:02,1,mub
9/21/22 22:14,1,mub
9/21/22 22:22,1,mub
9/21/22 22:32,1,mub
9/21/22 22:33,1,mub
9/21/22 22:36,1,mub
9/21/22 22:40,1,mub
9/21/22 22:43,1,mub
9/21/22 22:46,1,mub
9/21/22 23:10,1,mub
9/21/22 23:41,1,mub
9/22/22 15:31,1,mub
9/22/22 16:07,1,mub
9/22/22 16:10,1,mub
9/22/22 16:21,1,mub
9/22/22 16:22,1,mub
9/22/22 16:25,1,mub
9/22/22 16:26,1,mub
9/22/22 16:28,1,mub
9/22/22 16:31,1,mub
9/22/22 16:32,1,mub
9/22/22 16:40,1,mub
9/22/22 16:50,1,mub
9/22/22 16:50,1,mub
9/22/22 16:54,1,mub
9/22/22 17:23,1,mub
9/22/22 23:10,1,mub
9/29/22 14:18,1,mub
9/29/22 14:20,1,mub
9/29/22 14:26,1,mub
9/29/22 14:32,1,mub
9/29/22 14:39,1,mub
9/30/22 7:55,1,mub
9/30/22 7:59,1,mub
9/30/22 8:03,1,mub
9/30/22 13:53,1,mub
9/30/22 15:32,1,mub
9/30/22 15:51,1,mub
9/30/22 16:10,1,mub
9/30/22 16:41,1,mub
9/30/22 16:45,1,mub
9/30/22 16:53,1,mub
9/30/22 16:56,1,mub
9/30/22 17:30,1,mub
9/30/22 18:01,1,mub
9/30/22 18:25,1,mub
9/30/22 22:02,1,mub
9/30/22 22:14,1,mub
9/30/22 22:28,1,mub
9/30/22 22:47,1,mub
9/30/22 22:57,1,mub
9/30/22 23:24,1,mub
9/30/22 23:49,1,mub
10/1/22 12:58,1,mub
10/1/22 13:00,1,mub
10/1/22 13:05,1,mub
10/1/22 13:08,1,mub
10/1/22 13:13,1,mub
10/1/22 13:15,1,mub
10/1/22 13:36,1,mub
10/2/22 6:33,1,mub
10/2/22 16:23,1,mub
10/2/22 16:36,1,mub
10/2/22 16:48,1,mub
10/2/22 16:51,1,mub
10/2/22 16:54,1,mub
10/2/22 16:57,1,mub
10/2/22 17:02,1,mub
10/2/22 17:09,1,mub
10/3/22 13:53,1,mub
10/3/22 13:56,1,mub
10/3/22 14:00,1,mub
10/3/22 14:02,1,mub
10/3/22 14:06,1,mub
10/3/22 14:10,1,mub
10/4/22 10:39,1,mub
10/4/22 10:42,1,mub
10/4/22 15:01,1,mub
10/4/22 15:05,1,mub
10/4/22 15:08,1,mub
10/4/22 15:09,1,mub
10/4/22 15:11,1,mub
10/4/22 15:12,1,mub
10/4/22 15:14,1,mub
10/4/22 15:15,1,mub
10/4/22 15:16,1,mub
10/4/22 15:17,1,mub
10/4/22 15:19,1,mub
10/4/22 15:19,1,mub
10/4/22 15:21,1,mub
10/7/22 15:05,1,mub
6/20/22 11:00,1,p1
6/23/22 16:50,1,p1
6/23/22 17:44,1,p1
6/23/22 18:00,1,p1
6/23/22 18:03,1,p1
6/23/22 18:06,1,p1
6/23/22 18:09,1,p1
6/23/22 18:14,1,p1
6/23/22 18:17,1,p1
6/23/22 18:38,1,p1
6/23/22 19:22,1,p1
6/24/22 11:28,1,p1
6/24/22 11:30,1,p1
6/24/22 11:30,1,p1
6/24/22 11:31,1,p1
6/24/22 11:32,1,p1
6/24/22 11:34,1,p1
6/24/22 11:35,1,p1
6/24/22 11:36,1,p1
6/24/22 11:37,1,p1
6/24/22 11:39,1,p1
6/24/22 11:40,1,p1
6/24/22 11:40,1,p1
6/24/22 11:41,1,p1
6/24/22 11:42,1,p1
6/24/22 11:43,1,p1
6/24/22 11:44,1,p1
6/24/22 11:46,1,p1
6/24/22 11:49,1,p1
6/24/22 11:52,1,p1
6/24/22 11:53,1,p1
6/24/22 11:55,1,p1
6/24/22 12:01,1,p1
6/24/22 12:16,1,p1
6/24/22 16:48,1,p1
6/24/22 16:52,1,p1
6/24/22 16:53,1,p1
6/24/22 16:54,1,p1
6/24/22 16:56,1,p1
6/24/22 17:00,1,p1
6/24/22 17:11,1,p1
6/26/22 10:09,1,p1
6/26/22 10:09,1,p1
6/26/22 10:10,1,p1
6/26/22 10:11,1,p1
6/26/22 10:11,1,p1
6/26/22 10:12,1,p1
6/26/22 10:12,1,p1
6/26/22 10:13,1,p1
6/26/22 10:13,1,p1
6/26/22 10:13,1,p1
6/26/22 10:14,1,p1
6/26/22 10:14,1,p1
6/26/22 10:15,1,p1
6/26/22 10:16,1,p1
6/26/22 10:17,1,p1
6/26/22 10:22,1,p1
6/26/22 10:52,1,p1
6/26/22 11:28,1,p1
6/26/22 11:31,1,p1
6/26/22 11:32,1,p1
6/26/22 11:36,1,p1
6/29/22 11:36,1,p1
6/29/22 17:16,1,p1
6/29/22 18:54,1,p1
6/29/22 19:04,1,p1
6/29/22 19:13,1,p1
6/29/22 19:20,1,p1
6/29/22 19:32,1,p1
6/30/22 6:23,1,p1
6/30/22 6:25,1,p1
6/30/22 6:33,1,p1
6/30/22 6:40,1,p1
6/30/22 7:09,1,p1
6/30/22 7:59,1,p1
6/30/22 8:29,1,p1
6/30/22 8:35,1,p1
6/30/22 8:42,1,p1
6/30/22 8:53,1,p1
6/30/22 18:30,1,p1
6/30/22 18:32,1,p1
6/30/22 18:36,1,p1
6/30/22 18:41,1,p1
6/30/22 18:46,1,p1
6/30/22 18:49,1,p1
6/30/22 18:51,1,p1
6/30/22 18:52,1,p1
6/30/22 18:53,1,p1
6/30/22 18:54,1,p1
6/30/22 18:55,1,p1
6/30/22 18:56,1,p1
6/30/22 18:58,1,p1
6/30/22 18:59,1,p1
6/30/22 19:01,1,p1
6/30/22 19:02,1,p1
6/30/22 19:02,1,p1
6/30/22 19:03,1,p1
6/30/22 19:04,1,p1
6/30/22 19:05,1,p1
6/30/22 19:07,1,p1
6/30/22 19:08,1,p1
6/30/22 19:10,1,p1
6/30/22 19:13,1,p1
6/30/22 19:15,1,p1
6/30/22 19:17,1,p1
6/30/22 19:18,1,p1
6/30/22 19:19,1,p1
6/30/22 19:21,1,p1
6/30/22 19:22,1,p1
6/30/22 19:24,1,p1
6/30/22 19:25,1,p1
6/30/22 19:27,1,p1
6/30/22 19:29,1,p1
6/30/22 19:31,1,p1
6/30/22 19:33,1,p1
6/30/22 19:36,1,p1
6/30/22 19:39,1,p1
6/30/22 19:42,1,p1
6/30/22 19:46,1,p1
6/30/22 19:50,1,p1
6/30/22 20:02,1,p1
6/30/22 20:07,1,p1
6/30/22 20:11,1,p1
6/30/22 20:14,1,p1
6/30/22 20:17,1,p1
6/30/22 20:19,1,p1
6/30/22 20:21,1,p1
6/30/22 20:24,1,p1
6/30/22 20:26,1,p1
6/30/22 20:29,1,p1
6/30/22 20:32,1,p1
6/30/22 20:35,1,p1
6/30/22 20:37,1,p1
6/30/22 20:41,1,p1
6/30/22 20:55,1,p1
7/1/22 0:24,1,p1
7/1/22 19:37,1,p1
7/1/22 19:50,1,p1
7/1/22 19:55,1,p1
7/1/22 20:00,1,p1
7/1/22 20:03,1,p1
7/1/22 20:05,1,p1
7/1/22 20:08,1,p1
7/1/22 20:12,1,p1
7/1/22 20:14,1,p1
7/1/22 20:17,1,p1
7/1/22 20:19,1,p1
7/1/22 20:21,1,p1
7/1/22 20:23,1,p1
7/1/22 20:26,1,p1
7/1/22 20:28,1,p1
7/1/22 20:30,1,p1
7/1/22 20:32,1,p1
7/1/22 20:35,1,p1
7/1/22 20:38,1,p1
7/1/22 20:40,1,p1
7/1/22 20:45,1,p1
7/1/22 20:50,1,p1
7/1/22 20:52,1,p1
7/1/22 20:56,1,p1
7/1/22 21:00,1,p1
7/1/22 21:14,1,p1
7/2/22 10:48,1,p1
7/2/22 10:49,1,p1
7/2/22 10:51,1,p1
7/2/22 10:52,1,p1
7/2/22 10:52,1,p1
7/2/22 10:54,1,p1
7/2/22 10:55,1,p1
7/2/22 10:55,1,p1
7/2/22 10:56,1,p1
7/2/22 10:59,1,p1
7/2/22 11:05,1,p1
7/2/22 11:14,1,p1
7/2/22 11:32,1,p1
7/2/22 11:33,1,p1
7/2/22 11:33,1,p1
7/2/22 11:34,1,p1
7/2/22 11:37,1,p1
7/2/22 11:39,1,p1
7/2/22 11:40,1,p1
7/2/22 11:43,1,p1
7/2/22 11:48,1,p1
7/2/22 11:51,1,p1
7/2/22 14:16,1,p1
7/2/22 14:21,1,p1
7/2/22 14:22,1,p1
7/2/22 14:24,1,p1
7/2/22 14:27,1,p1
7/2/22 14:41,1,p1
7/2/22 14:46,1,p1
7/3/22 16:37,1,p1
7/3/22 16:42,1,p1
7/3/22 17:08,1,p1
7/3/22 17:09,1,p1
7/3/22 17:11,1,p1
7/3/22 17:12,1,p1
7/3/22 17:13,1,p1
7/3/22 17:13,1,p1
7/3/22 17:14,1,p1
7/3/22 17:15,1,p1
7/3/22 17:16,1,p1
7/3/22 17:18,1,p1
7/3/22 17:19,1,p1
7/3/22 17:19,1,p1
7/3/22 17:20,1,p1
7/3/22 17:20,1,p1
7/3/22 17:21,1,p1
7/3/22 17:22,1,p1
7/3/22 17:23,1,p1
7/3/22 17:24,1,p1
7/3/22 17:28,1,p1
7/5/22 12:56,1,p1
7/5/22 12:56,1,p1
7/5/22 12:57,1,p1
7/5/22 12:57,1,p1
7/5/22 12:57,1,p1
7/5/22 12:58,1,p1
7/5/22 12:58,1,p1
7/5/22 12:59,1,p1
7/5/22 12:59,1,p1
7/5/22 12:59,1,p1
7/5/22 13:00,1,p1
7/5/22 13:01,1,p1
7/5/22 13:01,1,p1
7/5/22 13:01,1,p1
7/5/22 13:02,1,p1
7/5/22 13:02,1,p1
7/5/22 13:03,1,p1
7/5/22 13:03,1,p1
7/5/22 13:03,1,p1
7/5/22 13:04,1,p1
7/5/22 13:04,1,p1
7/5/22 13:05,1,p1
7/5/22 13:05,1,p1
7/5/22 13:06,1,p1
7/5/22 13:07,1,p1
7/5/22 13:08,1,p1
7/5/22 13:08,1,p1
7/5/22 13:10,1,p1
7/5/22 13:14,1,p1
7/5/22 13:19,1,p1
7/5/22 13:27,1,p1
7/5/22 13:38,1,p1
7/5/22 13:42,1,p1
7/5/22 15:06,1,p1
7/5/22 15:55,1,p1
7/5/22 16:38,1,p1
7/5/22 16:44,1,p1
7/5/22 17:02,1,p1
7/5/22 17:14,1,p1
7/5/22 17:19,1,p1
7/5/22 17:22,1,p1
7/5/22 17:26,1,p1
7/5/22 17:28,1,p1
7/5/22 17:32,1,p1
7/5/22 17:35,1,p1
7/5/22 17:40,1,p1
7/5/22 17:49,1,p1
7/5/22 17:54,1,p1
7/5/22 18:06,1,p1
7/5/22 18:29,1,p1
7/6/22 10:49,1,p1
7/6/22 10:50,1,p1
7/6/22 10:55,1,p1
7/6/22 10:58,1,p1
7/6/22 11:36,1,p1
7/6/22 11:44,1,p1
7/6/22 12:42,1,p1
7/6/22 12:49,1,p1
7/6/22 12:51,1,p1
7/6/22 13:26,1,p1
7/6/22 13:46,1,p1
7/6/22 13:49,1,p1
7/6/22 13:52,1,p1
7/6/22 13:54,1,p1
7/6/22 13:56,1,p1
7/6/22 14:03,1,p1
7/6/22 15:31,1,p1
7/7/22 10:29,1,p1
7/7/22 10:31,1,p1
7/7/22 10:36,1,p1
7/7/22 10:39,1,p1
7/7/22 10:41,1,p1
7/7/22 10:43,1,p1
7/7/22 10:44,1,p1
7/7/22 10:45,1,p1
7/7/22 10:46,1,p1
7/7/22 10:47,1,p1
7/7/22 10:47,1,p1
7/7/22 10:48,1,p1
7/7/22 10:49,1,p1
7/7/22 10:49,1,p1
7/7/22 10:50,1,p1
7/7/22 10:51,1,p1
7/7/22 10:53,1,p1
7/7/22 10:53,1,p1
7/7/22 10:55,1,p1
7/7/22 10:56,1,p1
7/7/22 10:58,1,p1
7/7/22 10:59,1,p1
7/7/22 10:59,1,p1
7/7/22 11:00,1,p1
7/7/22 11:02,1,p1
7/7/22 11:03,1,p1
7/7/22 11:08,1,p1
7/7/22 11:12,1,p1
7/7/22 11:32,1,p1
7/7/22 11:36,1,p1
7/7/22 12:12,1,p1
7/7/22 12:14,1,p1
7/7/22 12:16,1,p1
7/7/22 12:17,1,p1
7/7/22 12:20,1,p1
7/7/22 12:29,1,p1
7/7/22 12:39,1,p1
7/10/22 13:35,1,p1
7/10/22 16:59,1,p1
7/12/22 9:00,1,p1
7/12/22 8:33,1,p1
7/23/22 12:55,1,p1
7/23/22 12:58,1,p1
7/23/22 13:00,1,p1
7/23/22 17:31,1,p1
7/23/22 17:32,1,p1
7/23/22 17:33,1,p1
7/23/22 17:33,1,p1
7/23/22 17:34,1,p1
7/23/22 17:35,1,p1
7/23/22 23:15,1,p1
7/24/22 9:42,1,p1
7/24/22 11:48,1,p1
7/24/22 11:58,1,p1
7/24/22 13:08,1,p1
7/24/22 14:34,1,p1
7/24/22 14:43,1,p1
7/28/22 14:37,1,p1
7/28/22 14:38,1,p1
7/28/22 14:39,1,p1
7/28/22 14:39,1,p1
7/28/22 14:40,1,p1
7/28/22 14:40,1,p1
7/28/22 14:40,1,p1
7/28/22 14:41,1,p1
7/28/22 14:42,1,p1
7/28/22 14:43,1,p1
7/28/22 14:44,1,p1
7/28/22 14:45,1,p1
7/28/22 14:47,1,p1
7/28/22 14:49,1,p1
7/28/22 14:51,1,p1
7/28/22 15:06,1,p1
7/31/22 17:15,1,p1
8/2/22 11:40,1,p1
8/2/22 17:11,1,p1
8/2/22 17:19,1,p1
8/2/22 17:20,1,p1
8/2/22 17:28,1,p1
8/2/22 17:36,1,p1
8/2/22 20:01,1,p1
8/2/22 20:05,1,p1
8/2/22 20:10,1,p1
8/2/22 20:11,1,p1
8/2/22 20:12,1,p1
8/2/22 20:14,1,p1
8/2/22 20:14,1,p1
8/2/22 20:16,1,p1
8/4/22 13:25,1,p1
8/4/22 15:09,1,p1
8/4/22 15:20,1,p1
8/4/22 15:50,1,p1
8/4/22 16:07,1,p1
8/5/22 16:54,1,p1
8/5/22 17:01,1,p1
8/5/22 17:09,1,p1
8/5/22 17:13,1,p1
8/5/22 17:16,1,p1
8/5/22 17:18,1,p1
8/5/22 17:26,1,p1
8/5/22 17:29,1,p1
8/5/22 17:34,1,p1
8/5/22 19:34,1,p1
8/5/22 19:48,1,p1
8/11/22 14:14,1,p1
8/11/22 14:46,1,p1
8/11/22 15:07,1,p1
8/11/22 16:49,1,p1
8/14/22 19:51,1,p1
8/14/22 19:55,1,p1
8/14/22 20:07,1,p1
8/14/22 20:13,1,p1
8/14/22 20:26,1,p1
8/14/22 20:36,1,p1
8/14/22 20:39,1,p1
8/14/22 20:46,1,p1
8/14/22 20:52,1,p1
8/14/22 21:00,1,p1
8/14/22 21:14,1,p1
8/14/22 21:25,1,p1
8/14/22 21:36,1,p1
8/14/22 21:40,1,p1
8/14/22 21:42,1,p1
8/14/22 21:44,1,p1
8/14/22 21:46,1,p1
8/14/22 21:51,1,p1
8/14/22 21:54,1,p1
8/14/22 21:56,1,p1
8/14/22 21:58,1,p1
8/14/22 22:01,1,p1
8/14/22 22:03,1,p1
8/14/22 22:05,1,p1
8/14/22 22:06,1,p1
8/14/22 22:07,1,p1
8/14/22 22:09,1,p1
8/14/22 22:13,1,p1
8/14/22 22:17,1,p1
8/14/22 22:31,1,p1
8/15/22 10:37,1,p1
8/15/22 10:39,1,p1
8/15/22 10:40,1,p1
8/15/22 10:41,1,p1
8/15/22 10:41,1,p1
8/15/22 10:42,1,p1
8/15/22 10:43,1,p1
8/15/22 10:43,1,p1
8/15/22 10:44,1,p1
8/15/22 10:45,1,p1
8/15/22 10:46,1,p1
8/15/22 10:47,1,p1
8/15/22 10:47,1,p1
8/15/22 10:48,1,p1
8/15/22 10:48,1,p1
8/15/22 10:49,1,p1
8/15/22 10:50,1,p1
8/15/22 10:52,1,p1
8/15/22 11:10,1,p1
8/15/22 11:13,1,p1
8/15/22 11:25,1,p1
8/15/22 11:26,1,p1
8/15/22 11:27,1,p1
8/15/22 11:27,1,p1
8/15/22 11:27,1,p1
8/15/22 11:28,1,p1
8/15/22 11:29,1,p1
8/15/22 11:29,1,p1
8/15/22 11:29,1,p1
8/15/22 11:30,1,p1
8/15/22 11:30,1,p1
8/15/22 11:30,1,p1
8/15/22 11:31,1,p1
8/15/22 11:31,1,p1
8/15/22 11:31,1,p1
8/15/22 11:31,1,p1
8/15/22 11:32,1,p1
8/15/22 11:32,1,p1
8/15/22 11:32,1,p1
8/15/22 11:33,1,p1
8/15/22 11:33,1,p1
8/15/22 11:33,1,p1
8/15/22 11:33,1,p1
8/15/22 11:34,1,p1
8/15/22 11:34,1,p1
8/15/22 11:34,1,p1
8/15/22 11:34,1,p1
8/15/22 11:35,1,p1
8/15/22 11:35,1,p1
8/15/22 11:36,1,p1
8/15/22 11:37,1,p1
8/15/22 11:38,1,p1
8/15/22 11:38,1,p1
8/15/22 11:39,1,p1
8/15/22 11:39,1,p1
8/15/22 11:40,1,p1
8/15/22 11:40,1,p1
8/15/22 11:41,1,p1
8/15/22 11:54,1,p1
8/15/22 12:00,1,p1
8/15/22 12:00,1,p1
8/15/22 12:01,1,p1
8/15/22 12:02,1,p1
8/15/22 12:51,1,p1
8/15/22 13:08,1,p1
8/15/22 16:45,1,p1
8/15/22 16:49,1,p1
8/15/22 16:50,1,p1
8/15/22 16:50,1,p1
8/15/22 16:51,1,p1
8/15/22 16:52,1,p1
8/15/22 16:53,1,p1
8/15/22 16:53,1,p1
8/15/22 16:55,1,p1
8/15/22 16:56,1,p1
8/15/22 17:00,1,p1
8/15/22 17:05,1,p1
8/15/22 18:05,1,p1
8/15/22 18:16,1,p1
8/15/22 19:22,1,p1
8/16/22 10:35,1,p1
8/16/22 11:02,1,p1
8/16/22 11:03,1,p1
8/16/22 11:05,1,p1
8/16/22 11:07,1,p1
8/16/22 11:09,1,p1
8/16/22 11:16,1,p1
8/16/22 12:50,1,p1
8/16/22 14:21,1,p1
8/19/22 14:42,1,p1
8/19/22 14:45,1,p1
8/25/22 19:27,1,p1
8/26/22 12:44,1,p1
8/26/22 12:47,1,p1
8/26/22 12:49,1,p1
8/26/22 12:50,1,p1
8/26/22 12:52,1,p1
8/26/22 12:57,1,p1
8/26/22 13:07,1,p1
8/26/22 13:10,1,p1
8/26/22 13:11,1,p1
8/26/22 13:22,1,p1
8/26/22 13:25,1,p1
8/26/22 13:32,1,p1
8/26/22 13:34,1,p1
8/26/22 13:39,1,p1
8/26/22 14:51,1,p1
8/26/22 15:49,1,p1
8/26/22 16:51,1,p1
8/26/22 16:56,1,p1
8/26/22 17:02,1,p1
8/26/22 17:05,1,p1
8/26/22 17:08,1,p1
8/26/22 17:12,1,p1
8/26/22 17:15,1,p1
8/26/22 23:26,1,p1
8/27/22 17:22,1,p1
8/28/22 13:07,1,p1
8/28/22 13:10,1,p1
8/28/22 13:21,1,p1
8/28/22 17:55,1,p1
8/28/22 17:57,1,p1
8/28/22 18:00,1,p1
9/8/22 23:52,1,p1
9/8/22 23:56,1,p1
9/8/22 23:57,1,p1
9/9/22 0:01,1,p1
9/14/22 12:35,1,p1
9/14/22 14:15,1,p1
9/14/22 14:52,1,p1
9/14/22 20:58,1,p1
9/14/22 21:17,1,p1
9/15/22 4:26,1,p1
9/15/22 4:32,1,p1
9/15/22 4:43,1,p1
9/15/22 4:59,1,p1
9/15/22 7:45,1,p1
9/15/22 8:31,1,p1
9/15/22 8:43,1,p1
9/15/22 8:52,1,p1
9/15/22 9:06,1,p1
9/15/22 13:01,1,p1
9/15/22 13:59,1,p1
9/15/22 14:25,1,p1
9/15/22 14:33,1,p1
9/15/22 17:23,1,p1
9/16/22 3:39,1,p1
9/16/22 3:43,1,p1
9/16/22 3:50,1,p1
9/16/22 4:00,1,p1
9/16/22 10:51,1,p1
9/16/22 10:58,1,p1
9/16/22 11:02,1,p1
9/16/22 11:10,1,p1
9/16/22 11:17,1,p1
9/16/22 11:25,1,p1
9/16/22 11:31,1,p1
9/16/22 13:09,1,p1
9/17/22 4:42,1,p1
9/20/22 22:02,1,p1
9/20/22 22:20,1,p1
9/21/22 15:31,1,p1
9/21/22 16:34,1,p1
9/21/22 17:35,1,p1
9/21/22 17:53,1,p1
9/21/22 18:08,1,p1
9/21/22 19:27,1,p1
9/21/22 20:03,1,p1
9/21/22 20:15,1,p1
9/21/22 20:32,1,p1
9/21/22 20:41,1,p1
9/21/22 20:46,1,p1
9/21/22 20:54,1,p1
9/21/22 21:09,1,p1
9/21/22 21:14,1,p1
9/21/22 21:17,1,p1
9/21/22 21:25,1,p1
9/21/22 21:33,1,p1
9/21/22 21:44,1,p1
9/21/22 21:55,1,p1
9/21/22 22:03,1,p1
9/21/22 22:10,1,p1
9/21/22 22:15,1,p1
9/21/22 22:18,1,p1
9/21/22 22:23,1,p1
9/21/22 22:29,1,p1
9/21/22 22:35,1,p1
9/21/22 22:41,1,p1
9/21/22 22:47,1,p1
9/21/22 22:55,1,p1
9/21/22 23:37,1,p1
9/22/22 3:38,1,p1
9/22/22 14:01,1,p1
9/22/22 14:03,1,p1
9/22/22 14:04,1,p1
9/22/22 14:05,1,p1
9/22/22 14:08,1,p1
9/22/22 17:33,1,p1
9/22/22 23:16,1,p1
9/22/22 23:34,1,p1
9/27/22 11:53,1,p1
9/27/22 11:55,1,p1
9/27/22 11:56,1,p1
9/27/22 11:59,1,p1
9/27/22 16:52,1,p1
9/29/22 12:04,1,p1
9/29/22 12:06,1,p1
9/29/22 12:08,1,p1
9/29/22 14:15,1,p1
9/29/22 15:44,1,p1
9/30/22 7:52,1,p1
9/30/22 7:55,1,p1
9/30/22 7:57,1,p1
9/30/22 8:00,1,p1
9/30/22 8:03,1,p1
9/30/22 8:07,1,p1
9/30/22 12:52,1,p1
9/30/22 12:54,1,p1
9/30/22 13:08,1,p1
9/30/22 13:17,1,p1
9/30/22 13:21,1,p1
9/30/22 13:46,1,p1
9/30/22 13:54,1,p1
9/30/22 13:59,1,p1
9/30/22 15:26,1,p1
9/30/22 15:34,1,p1
9/30/22 15:43,1,p1
9/30/22 15:46,1,p1
9/30/22 15:54,1,p1
9/30/22 15:56,1,p1
9/30/22 15:59,1,p1
9/30/22 16:07,1,p1
9/30/22 16:21,1,p1
9/30/22 16:26,1,p1
9/30/22 16:36,1,p1
9/30/22 16:42,1,p1
9/30/22 16:49,1,p1
9/30/22 16:53,1,p1
9/30/22 16:57,1,p1
9/30/22 17:01,1,p1
9/30/22 17:06,1,p1
9/30/22 17:11,1,p1
9/30/22 17:21,1,p1
9/30/22 17:32,1,p1
9/30/22 18:18,1,p1
9/30/22 18:23,1,p1
9/30/22 18:28,1,p1
9/30/22 18:34,1,p1
9/30/22 22:24,1,p1
9/30/22 23:16,1,p1
10/1/22 13:01,1,p1
10/1/22 13:06,1,p1
10/1/22 13:16,1,p1
10/1/22 13:18,1,p1
10/1/22 13:22,1,p1
10/1/22 13:30,1,p1
10/2/22 15:15,1,p1
10/2/22 16:36,1,p1
10/2/22 16:46,1,p1
10/2/22 16:51,1,p1
10/2/22 16:55,1,p1
10/2/22 17:07,1,p1
10/2/22 20:31,1,p1
10/3/22 19:17,1,p1
10/3/22 19:28,1,p1
10/4/22 10:03,1,p1
10/4/22 10:05,1,p1
10/4/22 10:07,1,p1
10/4/22 10:09,1,p1
10/4/22 10:11,1,p1
10/4/22 10:16,1,p1
10/4/22 10:18,1,p1
10/4/22 10:19,1,p1
10/4/22 10:21,1,p1
10/4/22 10:23,1,p1
10/4/22 10:29,1,p1
10/4/22 10:37,1,p1
10/4/22 16:50,1,p1
10/5/22 8:27,1,p1
10/23/22 11:27,1,p1
10/23/22 11:31,1,p1
10/23/22 11:35,1,p1
10/23/22 11:40,1,p1
10/23/22 11:51,1,p1
10/23/22 11:55,1,p1
10/23/22 11:58,1,p1
10/23/22 12:01,1,p1
10/23/22 12:04,1,p1
10/23/22 12:08,1,p1
10/23/22 12:10,1,p1
10/23/22 12:15,1,p1
10/23/22 12:20,1,p1
10/23/22 12:28,1,p1
10/23/22 12:34,1,p1
10/23/22 12:41,1,p1
10/23/22 12:49,1,p1
10/23/22 12:57,1,p1
10/23/22 13:03,1,p1
10/23/22 13:14,1,p1
10/23/22 13:23,1,p1
10/23/22 13:36,1,p1
10/23/22 13:46,1,p1
10/28/22 13:31,1,p1
10/28/22 13:36,1,p1
10/28/22 13:53,1,p1
10/28/22 14:06,1,p1
10/28/22 14:09,1,p1
10/29/22 9:13,1,p1
10/29/22 11:05,1,p1
10/29/22 11:24,1,p1
10/29/22 11:53,1,p1
10/29/22 12:08,1,p1
10/29/22 12:21,1,p1
10/29/22 12:29,1,p1
10/29/22 12:53,1,p1
10/29/22 13:03,1,p1
10/30/22 12:23,1,p1
11/3/22 11:28,1,p1
11/3/22 11:32,1,p1
11/3/22 11:35,1,p1
11/3/22 11:40,1,p1
11/3/22 11:44,1,p1
11/3/22 11:50,1,p1
11/3/22 11:57,1,p1
11/7/22 12:14,1,p1
11/7/22 12:16,1,p1
11/7/22 12:17,1,p1
11/7/22 12:18,1,p1
11/7/22 12:21,1,p1
11/7/22 12:22,1,p1
11/7/22 12:24,1,p1
11/7/22 12:25,1,p1
11/7/22 12:27,1,p1
11/7/22 12:30,1,p1
11/7/22 12:33,1,p1
11/7/22 12:36,1,p1
11/7/22 12:38,1,p1
11/7/22 12:41,1,p1
11/7/22 12:44,1,p1
11/7/22 12:46,1,p1
11/7/22 12:50,1,p1
11/7/22 12:54,1,p1
11/7/22 13:01,1,p1
11/7/22 13:06,1,p1
11/7/22 13:11,1,p1
11/7/22 13:15,1,p1
11/7/22 13:22,1,p1
11/7/22 13:26,1,p1
11/7/22 13:29,1,p1
11/7/22 13:33,1,p1
11/7/22 13:39,1,p1
11/7/22 13:45,1,p1
11/7/22 13:57,1,p1
11/7/22 14:07,1,p1
11/7/22 14:20,1,p1
11/7/22 14:36,1,p1
11/7/22 15:08,1,p1
11/7/22 15:57,1,p1
11/8/22 10:34,1,p1
11/8/22 11:02,1,p1
11/8/22 11:27,1,p1
11/8/22 12:07,1,p1
11/8/22 12:53,1,p1
11/21/22 11:21,1,p1
11/21/22 11:45,1,p1
11/21/22 12:14,1,p1
11/21/22 12:26,1,p1
11/21/22 12:34,1,p1
11/21/22 12:50,1,p1
11/21/22 13:34,1,p1
11/22/22 12:18,1,p1
11/22/22 12:54,1,p1
11/23/22 11:24,1,p1
11/25/22 12:02,1,p1
11/25/22 12:15,1,p1
11/25/22 12:35,1,p1
11/25/22 13:05,1,p1
11/25/22 13:30,1,p1
11/26/22 12:24,1,p1
11/26/22 13:23,1,p1
12/1/22 12:00,1,p1
12/4/22 11:05,1,p1
12/4/22 11:18,1,p1
12/4/22 11:31,1,p1
12/4/22 11:54,1,p1
12/4/22 12:12,1,p1
12/4/22 12:29,1,p1
12/4/22 12:44,1,p1
12/4/22 12:59,1,p1
12/4/22 13:11,1,p1
12/4/22 13:33,1,p1
12/4/22 14:14,1,p1
12/4/22 15:12,1,p1
12/16/22 20:25,1,p1
12/23/22 11:26,1,p1
12/23/22 12:36,1,p1
12/23/22 12:45,1,p1
12/25/22 11:07,1,p1
12/25/22 11:23,1,p1
12/25/22 11:33,1,p1
12/25/22 11:52,1,p1
12/25/22 11:57,1,p1
12/25/22 12:05,1,p1
12/25/22 12:16,1,p1
12/25/22 12:39,1,p1
12/25/22 13:27,1,p1
12/25/22 13:42,1,p1
12/25/22 14:02,1,p1
12/26/22 11:07,1,p1
12/26/22 11:36,1,p1
12/26/22 11:48,1,p1
12/26/22 12:02,1,p1
12/26/22 12:07,1,p1
12/26/22 12:23,1,p1
12/26/22 12:24,1,p1
12/26/22 12:34,1,p1
12/26/22 12:42,1,p1
12/26/22 12:49,1,p1
12/26/22 13:00,1,p1
12/26/22 13:18,1,p1
12/26/22 13:41,1,p1
1/7/23 11:59,1,p1
1/7/23 12:48,1,p1
1/13/23 11:38,1,p1
1/14/23 11:32,1,p1
1/14/23 11:38,1,p1
1/14/23 12:39,1,p1
1/14/23 13:03,1,p1
1/14/23 14:02,1,p1
1/15/23 13:36,1,p1
4/12/23 12:50,1,p1
4/12/23 13:08,1,p1
4/12/23 13:10,1,p1
4/12/23 13:25,1,p1
4/12/23 13:28,1,p1
4/12/23 13:43,1,p1
4/12/23 13:45,1,p1
4/12/23 13:56,1,p1
4/12/23 13:57,1,p1
4/12/23 14:07,1,p1
4/12/23 14:08,1,p1
4/12/23 14:18,1,p1
4/12/23 14:19,1,p1
4/12/23 14:28,1,p1
4/12/23 14:30,1,p1
4/12/23 14:39,1,p1
4/12/23 14:41,1,p1
4/12/23 14:53,1,p1
4/12/23 14:55,1,p1
4/12/23 15:11,1,p1
4/12/23 15:14,1,p1
4/12/23 15:33,1,p1
4/12/23 15:37,1,p1
4/12/23 16:02,1,p1
4/12/23 16:05,1,p1
4/12/23 16:39,1,p1
4/12/23 16:45,1,p1
4/12/23 17:53,1,p1
4/12/23 18:19,1,p1
4/12/23 23:46,1,p1
4/13/23 2:37,1,p1
4/13/23 11:20,1,p1
4/13/23 11:22,1,p1
4/13/23 11:33,1,p1
4/13/23 11:34,1,p1
4/13/23 11:42,1,p1
4/13/23 11:44,1,p1
4/13/23 11:53,1,p1
4/13/23 11:55,1,p1
4/13/23 12:05,1,p1
4/13/23 12:07,1,p1
4/13/23 12:18,1,p1
4/13/23 12:19,1,p1
4/13/23 12:28,1,p1
4/13/23 12:29,1,p1
4/13/23 12:41,1,p1
4/13/23 12:56,1,p1
4/13/23 13:13,1,p1
4/13/23 13:29,1,p1
4/13/23 13:42,1,p1
4/13/23 13:50,1,p1
4/13/23 13:56,1,p1
4/13/23 14:04,1,p1
4/13/23 14:13,1,p1
4/13/23 14:22,1,p1
4/13/23 14:28,1,p1
4/13/23 14:35,1,p1
4/13/23 14:42,1,p1
4/13/23 14:51,1,p1
4/13/23 14:59,1,p1
4/13/23 15:10,1,p1
4/13/23 15:22,1,p1
4/13/23 15:38,1,p1
4/13/23 15:56,1,p1
4/13/23 16:21,1,p1
4/13/23 16:49,1,p1
4/13/23 17:25,1,p1
4/13/23 20:51,1,p1
4/17/23 10:49,1,p1
4/17/23 14:05,1,p1
4/17/23 14:10,1,p1
4/17/23 14:14,1,p1
4/17/23 14:18,1,p1
4/17/23 14:22,1,p1
4/17/23 14:26,1,p1
4/17/23 14:29,1,p1
4/17/23 14:34,1,p1
4/17/23 14:38,1,p1
4/17/23 14:43,1,p1
4/17/23 14:47,1,p1
4/17/23 14:53,1,p1
4/17/23 15:00,1,p1
4/17/23 15:07,1,p1
4/17/23 15:14,1,p1
4/17/23 15:21,1,p1
4/17/23 15:27,1,p1
4/17/23 15:35,1,p1
4/17/23 15:43,1,p1
4/17/23 15:52,1,p1
4/17/23 16:00,1,p1
4/17/23 16:11,1,p1
4/17/23 16:21,1,p1
4/17/23 16:35,1,p1
4/17/23 16:56,1,p1
4/18/23 7:37,1,p1
4/18/23 8:34,1,p1
4/18/23 8:50,1,p1
4/18/23 9:03,1,p1
4/18/23 9:12,1,p1
4/18/23 9:22,1,p1
4/18/23 9:24,1,p1
4/18/23 9:28,1,p1
4/18/23 9:33,1,p1
4/18/23 9:36,1,p1
4/18/23 9:40,1,p1
4/18/23 9:43,1,p1
4/18/23 9:47,1,p1
4/18/23 9:49,1,p1
4/18/23 9:54,1,p1
4/18/23 9:59,1,p1
4/18/23 10:05,1,p1
4/18/23 10:09,1,p1
4/18/23 10:14,1,p1
4/18/23 10:19,1,p1
4/18/23 10:25,1,p1
4/18/23 10:32,1,p1
4/18/23 10:38,1,p1
4/18/23 10:47,1,p1
4/18/23 10:56,1,p1
4/18/23 11:04,1,p1
4/18/23 11:12,1,p1
4/18/23 11:19,1,p1
4/18/23 11:25,1,p1
4/18/23 11:35,1,p1
4/18/23 11:43,1,p1
4/18/23 11:50,1,p1
4/18/23 11:59,1,p1
4/18/23 12:05,1,p1
4/18/23 12:10,1,p1
4/18/23 12:16,1,p1
4/18/23 12:21,1,p1
4/18/23 12:23,1,p1
4/18/23 12:27,1,p1
4/18/23 12:32,1,p1
4/18/23 12:35,1,p1
4/18/23 12:40,1,p1
4/18/23 12:43,1,p1
4/18/23 12:46,1,p1
4/18/23 12:50,1,p1
4/18/23 12:55,1,p1
4/18/23 13:00,1,p1
4/18/23 13:02,1,p1
4/18/23 13:06,1,p1
4/18/23 13:12,1,p1
4/18/23 13:17,1,p1
4/18/23 13:21,1,p1
4/18/23 13:26,1,p1
4/18/23 13:30,1,p1
4/18/23 13:35,1,p1
4/18/23 13:40,1,p1
4/18/23 13:46,1,p1
4/18/23 13:51,1,p1
4/18/23 13:55,1,p1
4/18/23 14:10,1,p1
4/18/23 14:24,1,p1
4/18/23 14:44,1,p1
4/18/23 15:05,1,p1
4/19/23 8:19,1,p1
4/19/23 8:27,1,p1
4/19/23 8:58,1,p1
4/22/23 12:32,1,p1
4/22/23 12:41,1,p1
4/22/23 14:27,1,p1
4/23/23 10:36,1,p1
4/23/23 10:38,1,p1
4/23/23 10:40,1,p1
4/23/23 10:41,1,p1
4/23/23 10:43,1,p1
4/23/23 10:44,1,p1
4/23/23 10:46,1,p1
4/23/23 10:48,1,p1
4/23/23 10:51,1,p1
4/23/23 10:53,1,p1
4/23/23 10:55,1,p1
4/23/23 10:57,1,p1
4/23/23 11:00,1,p1
4/23/23 11:06,1,p1
4/23/23 11:08,1,p1
4/23/23 11:10,1,p1
4/23/23 11:13,1,p1
4/23/23 11:14,1,p1
4/23/23 11:17,1,p1
4/23/23 11:18,1,p1
4/23/23 11:20,1,p1
4/23/23 11:22,1,p1
4/23/23 11:23,1,p1
4/23/23 11:25,1,p1
4/23/23 11:27,1,p1
4/23/23 11:29,1,p1
4/23/23 11:31,1,p1
4/23/23 11:33,1,p1
4/23/23 11:38,1,p1
4/25/23 10:03,1,p1
4/25/23 10:03,1,p1
4/25/23 10:04,1,p1
4/25/23 10:05,1,p1
4/25/23 10:05,1,p1
4/25/23 10:06,1,p1
4/25/23 10:06,1,p1
4/25/23 10:07,1,p1
4/25/23 10:08,1,p1
4/25/23 10:08,1,p1
4/25/23 10:09,1,p1
4/25/23 10:10,1,p1
4/25/23 10:10,1,p1
4/25/23 10:11,1,p1
4/25/23 10:12,1,p1
4/25/23 10:13,1,p1
4/25/23 10:13,1,p1
4/25/23 10:14,1,p1
4/25/23 10:15,1,p1
4/25/23 10:16,1,p1
4/25/23 10:17,1,p1
4/25/23 10:19,1,p1
4/25/23 10:21,1,p1
4/25/23 10:22,1,p1
4/25/23 10:24,1,p1
4/25/23 10:25,1,p1
4/25/23 10:26,1,p1
4/25/23 10:29,1,p1
4/25/23 10:31,1,p1
4/26/23 8:03,1,p1
4/26/23 8:52,1,p1
4/26/23 13:25,1,p1
4/28/23 10:50,1,p1
4/28/23 10:50,1,p1
4/28/23 10:51,1,p1
4/28/23 10:52,1,p1
4/28/23 10:52,1,p1
4/28/23 10:53,1,p1
4/28/23 10:54,1,p1
4/28/23 10:55,1,p1
4/28/23 10:56,1,p1
4/28/23 10:57,1,p1
4/28/23 10:58,1,p1
4/28/23 10:58,1,p1
4/28/23 10:59,1,p1
4/28/23 11:00,1,p1
4/28/23 11:01,1,p1
4/28/23 11:02,1,p1
4/28/23 11:04,1,p1
4/28/23 11:05,1,p1
4/28/23 11:06,1,p1
4/28/23 11:08,1,p1
4/28/23 11:09,1,p1
4/28/23 11:11,1,p1
4/28/23 11:13,1,p1
4/28/23 11:14,1,p1
4/28/23 11:17,1,p1
4/28/23 11:19,1,p1
4/28/23 11:22,1,p1
4/28/23 11:26,1,p1
5/2/23 17:23,1,p1
5/2/23 17:47,1,p1
5/4/23 9:37,1,p1
5/4/23 9:57,1,p1
5/4/23 10:02,1,p1
5/4/23 10:05,1,p1
5/4/23 10:47,1,p1
5/4/23 16:52,1,p1
5/4/23 16:57,1,p1
5/4/23 17:00,1,p1
5/4/23 17:10,1,p1
5/6/23 7:58,1,p1
5/6/23 8:00,1,p1
5/6/23 8:02,1,p1
5/6/23 8:05,1,p1
5/6/23 8:08,1,p1
5/6/23 8:11,1,p1
5/6/23 8:15,1,p1
5/6/23 8:20,1,p1
5/6/23 8:26,1,p1
5/6/23 10:41,1,p1
5/7/23 7:41,1,p1
5/7/23 7:49,1,p1
5/7/23 8:43,1,p1
5/7/23 10:15,1,p1
5/7/23 10:51,1,p1
5/7/23 10:52,1,p1
5/7/23 10:54,1,p1
5/7/23 15:33,1,p1
5/10/23 19:10,1,p1
5/10/23 19:27,1,p1
5/10/23 19:36,1,p1
5/10/23 19:51,1,p1
5/10/23 20:02,1,p1
5/10/23 20:10,1,p1
5/10/23 20:15,1,p1
5/10/23 20:21,1,p1
5/10/23 20:25,1,p1
5/10/23 20:30,1,p1
5/10/23 20:38,1,p1
5/11/23 7:27,1,p1
5/11/23 7:28,1,p1
5/11/23 7:30,1,p1
5/11/23 7:31,1,p1
5/11/23 7:32,1,p1
5/11/23 7:34,1,p1
5/11/23 7:35,1,p1
5/11/23 7:37,1,p1
5/11/23 7:39,1,p1
5/11/23 7:40,1,p1
5/11/23 7:43,1,p1
5/11/23 7:44,1,p1
5/11/23 7:47,1,p1
5/11/23 7:49,1,p1
5/11/23 7:53,1,p1
5/11/23 7:57,1,p1
5/11/23 8:02,1,p1
5/11/23 8:08,1,p1
5/11/23 11:15,1,p1
5/11/23 11:38,1,p1
5/11/23 11:57,1,p1
5/11/23 12:06,1,p1
5/11/23 12:16,1,p1
5/11/23 12:27,1,p1
5/11/23 14:12,1,p1
5/11/23 14:20,1,p1
5/11/23 14:36,1,p1
5/11/23 16:32,1,p1
5/11/23 16:41,1,p1
5/11/23 16:47,1,p1
5/11/23 16:55,1,p1
5/11/23 17:05,1,p1
5/11/23 17:20,1,p1
5/11/23 17:31,1,p1
5/11/23 17:39,1,p1
5/11/23 17:42,1,p1
5/11/23 17:46,1,p1
5/11/23 17:53,1,p1
5/11/23 18:13,1,p1
5/11/23 18:19,1,p1
5/11/23 19:22,1,p1
5/11/23 19:32,1,p1
5/11/23 19:38,1,p1
5/11/23 19:44,1,p1
5/11/23 19:56,1,p1
5/11/23 20:09,1,p1
5/11/23 20:17,1,p1
5/11/23 20:30,1,p1
5/11/23 20:37,1,p1
5/11/23 21:04,1,p1
5/11/23 22:07,1,p1
5/11/23 22:26,1,p1
5/11/23 22:39,1,p1
5/11/23 22:47,1,p1
5/11/23 22:58,1,p1
5/11/23 23:08,1,p1
5/11/23 23:22,1,p1
5/11/23 23:34,1,p1
5/11/23 23:49,1,p1
5/12/23 0:08,1,p1
5/12/23 9:17,1,p1
5/12/23 9:22,1,p1
5/12/23 9:27,1,p1
5/12/23 9:32,1,p1
5/12/23 9:36,1,p1
5/12/23 9:40,1,p1
5/12/23 9:45,1,p1
5/12/23 9:49,1,p1
5/12/23 9:54,1,p1
5/12/23 9:58,1,p1
5/12/23 10:03,1,p1
5/12/23 10:05,1,p1
5/12/23 10:10,1,p1
5/12/23 10:12,1,p1
5/12/23 10:17,1,p1
5/12/23 10:20,1,p1
5/12/23 10:24,1,p1
5/12/23 10:27,1,p1
5/12/23 10:32,1,p1
5/12/23 10:35,1,p1
5/12/23 10:39,1,p1
5/12/23 10:42,1,p1
5/12/23 10:44,1,p1
5/12/23 10:45,1,p1
5/12/23 10:48,1,p1
5/12/23 10:51,1,p1
5/12/23 10:55,1,p1
5/12/23 10:58,1,p1
5/12/23 11:02,1,p1
5/12/23 11:04,1,p1
5/12/23 11:06,1,p1
5/12/23 11:08,1,p1
5/12/23 11:10,1,p1
5/12/23 11:12,1,p1
5/12/23 11:14,1,p1
5/12/23 11:16,1,p1
5/12/23 11:19,1,p1
5/12/23 11:22,1,p1
5/12/23 11:25,1,p1
5/12/23 11:28,1,p1
5/12/23 11:31,1,p1
5/12/23 11:35,1,p1
5/12/23 11:38,1,p1
5/12/23 11:41,1,p1
5/12/23 11:44,1,p1
5/12/23 11:47,1,p1
5/12/23 11:51,1,p1
5/12/23 11:54,1,p1
5/12/23 11:57,1,p1
5/12/23 12:00,1,p1
5/12/23 12:03,1,p1
5/12/23 12:06,1,p1
5/12/23 12:09,1,p1
5/12/23 12:13,1,p1
5/12/23 12:18,1,p1
5/12/23 12:23,1,p1
5/12/23 12:28,1,p1
5/12/23 12:32,1,p1
5/12/23 12:39,1,p1
5/12/23 12:46,1,p1
5/12/23 13:12,1,p1
5/12/23 13:39,1,p1
5/15/23 19:52,1,p1
5/15/23 20:00,1,p1
5/16/23 15:59,1,p1
5/18/23 11:21,1,p1
5/18/23 14:27,1,p1
5/18/23 14:51,1,p1
5/18/23 14:53,1,p1
5/18/23 14:55,1,p1
5/18/23 14:56,1,p1
5/18/23 14:58,1,p1
5/18/23 15:00,1,p1
5/18/23 15:02,1,p1
5/18/23 15:03,1,p1
5/18/23 15:05,1,p1
5/18/23 15:06,1,p1
5/18/23 15:08,1,p1
5/18/23 15:10,1,p1
5/18/23 15:16,1,p1
5/18/23 17:07,1,p1
5/18/23 17:10,1,p1
5/18/23 17:13,1,p1
5/18/23 17:15,1,p1
5/18/23 17:20,1,p1
5/18/23 17:31,1,p1
5/18/23 17:36,1,p1
5/19/23 15:08,1,p1
5/20/23 10:00,1,p1
5/20/23 10:04,1,p1
5/20/23 10:06,1,p1
5/20/23 10:07,1,p1
5/20/23 10:12,1,p1
5/20/23 15:40,1,p1
5/20/23 21:49,1,p1
5/24/23 13:30,1,lpm
5/24/23 16:05,1,lpm
5/24/23 16:05,1,lpm
5/24/23 16:06,1,lpm
5/24/23 16:07,1,lpm
5/24/23 16:07,1,lpm
5/24/23 16:08,1,lpm
5/24/23 16:09,1,lpm
5/24/23 16:10,1,lpm
5/24/23 16:10,1,lpm
5/24/23 16:11,1,lpm
5/24/23 16:11,1,lpm
5/24/23 16:12,1,lpm
5/24/23 16:13,1,lpm
5/24/23 16:14,1,lpm
5/24/23 16:15,1,lpm
5/24/23 16:17,1,lpm
5/24/23 16:19,1,lpm
5/24/23 16:21,1,lpm
5/24/23 16:25,1,lpm
5/24/23 16:30,1,lpm
5/28/23 19:14,1,lpm
5/28/23 19:19,1,lpm
5/28/23 19:38,1,lpm
6/11/23 16:52,1,lpm
6/11/23 16:54,1,lpm
10/23/22 4:15,1,mub
10/23/22 4:31,1,mub
10/23/22 4:41,1,mub
10/23/22 4:47,1,mub
10/23/22 5:18,1,mub
10/23/22 6:34,1,mub
10/23/22 6:48,1,mub
10/23/22 8:58,1,mub
10/23/22 9:01,1,mub
10/23/22 9:03,1,mub
10/23/22 9:08,1,mub
10/23/22 9:12,1,mub
10/23/22 9:17,1,mub
10/23/22 9:20,1,mub
10/23/22 9:25,1,mub
10/23/22 9:28,1,mub
10/23/22 9:33,1,mub
10/23/22 9:36,1,mub
10/23/22 9:40,1,mub
10/23/22 9:44,1,mub
10/23/22 9:52,1,mub
10/25/22 14:37,1,mub
10/26/22 12:06,1,mub
10/26/22 12:07,1,mub
10/26/22 12:08,1,mub
10/26/22 12:10,1,mub
10/26/22 12:12,1,mub
10/26/22 12:13,1,mub
10/26/22 12:17,1,mub
10/26/22 12:21,1,mub
10/26/22 12:31,1,mub
10/26/22 12:51,1,mub
10/27/22 12:32,1,mub
10/27/22 12:33,1,mub
10/27/22 12:36,1,mub
10/27/22 12:38,1,mub
10/27/22 12:44,1,mub
10/27/22 12:47,1,mub
10/27/22 12:57,1,mub
10/27/22 13:05,1,mub
10/27/22 13:24,1,mub
10/27/22 13:52,1,mub
11/7/22 10:59,1,mub
11/7/22 11:01,1,mub
11/7/22 11:03,1,mub
11/7/22 11:04,1,mub
11/7/22 11:06,1,mub
11/7/22 11:08,1,mub
11/7/22 11:10,1,mub
11/7/22 11:12,1,mub
11/7/22 11:14,1,mub
11/7/22 11:16,1,mub
11/7/22 11:18,1,mub
11/7/22 11:20,1,mub
11/7/22 11:24,1,mub
11/7/22 11:27,1,mub
11/7/22 11:30,1,mub
11/7/22 11:32,1,mub
11/7/22 11:37,1,mub
11/7/22 11:39,1,mub
11/7/22 11:44,1,mub
11/7/22 11:47,1,mub
11/7/22 11:53,1,mub
11/7/22 11:57,1,mub
11/7/22 12:02,1,mub
11/7/22 12:09,1,mub
11/7/22 12:20,1,mub
11/7/22 12:28,1,mub
11/7/22 12:54,1,mub
11/21/22 11:15,1,mub
11/21/22 13:58,1,mub
11/21/22 14:28,1,mub
11/22/22 12:11,1,mub
11/22/22 12:53,1,mub
11/25/22 13:58,1,mub
11/25/22 14:26,1,mub
11/26/22 12:11,1,mub
11/26/22 13:20,1,mub
12/4/22 13:16,1,mub
12/4/22 13:20,1,mub
12/4/22 13:29,1,mub
12/4/22 13:33,1,mub
12/4/22 13:40,1,mub
12/4/22 13:46,1,mub
12/4/22 13:56,1,mub
12/4/22 14:00,1,mub
12/4/22 14:13,1,mub
12/4/22 14:25,1,mub
12/4/22 14:37,1,mub
12/4/22 14:44,1,mub
12/4/22 15:06,1,mub
12/4/22 15:20,1,mub
12/4/22 15:56,1,mub
12/4/22 16:57,1,mub
12/4/22 18:35,1,mub
12/5/22 13:06,1,mub
12/6/22 10:46,1,mub
12/7/22 12:05,1,mub
12/7/22 12:08,1,mub
12/7/22 12:51,1,mub
12/7/22 13:02,1,mub
12/7/22 13:43,1,mub
12/7/22 14:20,1,mub
12/10/22 12:45,1,mub
12/12/22 12:01,1,mub
12/12/22 13:48,1,mub
12/26/22 11:45,1,mub
12/26/22 13:37,1,mub
12/26/22 14:59,1,mub
12/27/22 11:58,1,mub
12/27/22 13:02,1,mub
12/27/22 14:30,1,mub
12/28/22 11:32,1,mub
12/28/22 11:39,1,mub
12/28/22 11:55,1,mub
12/28/22 12:03,1,mub
12/28/22 12:19,1,mub
12/28/22 12:39,1,mub
12/28/22 13:08,1,mub
12/28/22 13:26,1,mub
12/28/22 13:49,1,mub
12/28/22 14:16,1,mub
12/31/22 11:21,1,mub
12/31/22 11:50,1,mub
12/31/22 12:11,1,mub
12/31/22 12:22,1,mub
12/31/22 13:27,1,mub
12/31/22 14:05,1,mub
12/31/22 14:40,1,mub
12/31/22 15:31,1,mub
1/1/23 10:37,1,mub
1/1/23 11:04,1,mub
1/1/23 11:56,1,mub
1/1/23 12:01,1,mub
1/1/23 12:26,1,mub
1/1/23 12:38,1,mub
1/1/23 12:48,1,mub
1/1/23 12:58,1,mub
1/1/23 13:21,1,mub
1/1/23 13:52,1,mub
1/1/23 14:37,1,mub
1/2/23 12:48,1,mub
1/2/23 12:53,1,mub
1/2/23 13:02,1,mub
1/6/23 13:11,1,mub
1/6/23 13:47,1,mub
1/6/23 15:22,1,mub
1/7/23 11:39,1,mub
1/7/23 12:52,1,mub
1/8/23 13:03,1,mub
1/9/23 13:31,1,mub
1/10/23 10:34,1,mub
1/10/23 12:37,1,mub
1/10/23 12:59,1,mub
1/10/23 13:22,1,mub
1/10/23 14:37,1,mub
1/10/23 15:11,1,mub
1/12/23 13:00,1,mub
1/13/23 12:11,1,mub
1/13/23 12:24,1,mub
1/13/23 12:49,1,mub
1/13/23 13:00,1,mub
1/13/23 13:22,1,mub
1/13/23 14:46,1,mub
1/14/23 11:53,1,mub
1/14/23 12:07,1,mub
1/14/23 12:21,1,mub
1/14/23 12:32,1,mub
1/14/23 12:47,1,mub
1/14/23 12:55,1,mub
1/14/23 13:11,1,mub
1/14/23 13:30,1,mub
1/15/23 13:30,1,mub
1/16/23 11:05,1,mub
1/16/23 11:20,1,mub
1/16/23 11:37,1,mub
1/16/23 13:25,1,mub
1/17/23 12:02,1,mub
1/17/23 12:52,1,mub
1/17/23 12:55,1,mub
1/17/23 14:18,1,mub
1/17/23 14:34,1,mub
1/19/23 12:22,1,mub
1/19/23 12:34,1,mub
1/19/23 13:42,1,mub
1/23/23 13:13,1,mub
2/7/23 10:42,1,mub
2/7/23 11:01,1,mub
2/7/23 11:44,1,mub
2/7/23 12:29,1,mub
2/10/23 12:51,1,mub
2/11/23 11:48,1,mub
2/11/23 13:03,1,mub
2/11/23 13:52,1,mub
2/21/23 10:59,1,mub
2/21/23 11:02,1,mub
2/21/23 11:05,1,mub
2/21/23 11:07,1,mub
2/21/23 11:11,1,mub
2/21/23 11:14,1,mub
2/21/23 11:23,1,mub
2/21/23 11:29,1,mub
2/22/23 11:00,1,mub
2/22/23 11:01,1,mub
2/22/23 11:04,1,mub
2/22/23 11:07,1,mub
2/22/23 11:13,1,mub
2/22/23 11:26,1,mub
2/25/23 12:11,1,mub
2/25/23 12:14,1,mub
2/25/23 12:19,1,mub
2/25/23 12:22,1,mub
2/25/23 12:27,1,mub
2/25/23 12:31,1,mub
2/25/23 12:36,1,mub
2/25/23 12:39,1,mub
2/25/23 12:47,1,mub
2/25/23 12:50,1,mub
2/25/23 13:00,1,mub
2/25/23 13:04,1,mub
2/25/23 13:11,1,mub
2/25/23 13:16,1,mub
2/25/23 13:29,1,mub
2/25/23 13:36,1,mub
2/25/23 13:46,1,mub
2/25/23 13:56,1,mub
2/25/23 14:09,1,mub
2/25/23 14:45,1,mub
3/1/23 11:03,1,mub
3/1/23 11:11,1,mub
3/1/23 12:57,1,mub
3/2/23 12:31,1,mub
3/2/23 12:38,1,mub
3/2/23 12:42,1,mub
3/2/23 12:52,1,mub
3/2/23 13:02,1,mub
3/2/23 13:36,1,mub
3/3/23 12:03,1,mub
3/3/23 13:07,1,mub
3/6/23 9:30,1,mub
3/6/23 9:37,1,mub
3/6/23 9:42,1,mub
3/6/23 9:53,1,mub
3/6/23 10:00,1,mub
3/9/23 10:59,1,mub
3/9/23 11:28,1,mub
3/10/23 9:38,1,mub
3/10/23 15:01,1,mub
3/10/23 15:21,1,mub
3/10/23 15:26,1,mub
3/10/23 16:23,1,mub
3/10/23 16:38,1,mub
3/10/23 17:00,1,mub
3/10/23 17:36,1,mub
3/11/23 10:32,1,mub
3/11/23 10:37,1,mub
3/11/23 10:46,1,mub
3/11/23 10:52,1,mub
3/11/23 11:03,1,mub
3/11/23 11:14,1,mub
3/11/23 11:40,1,mub
3/11/23 11:53,1,mub
3/11/23 12:11,1,mub
3/11/23 12:24,1,mub
3/11/23 12:54,1,mub
3/11/23 13:14,1,mub
3/15/23 17:09,1,mub
3/16/23 11:10,1,mub
3/16/23 11:13,1,mub
3/16/23 11:15,1,mub
3/16/23 11:18,1,mub
3/16/23 11:20,1,mub
3/16/23 11:23,1,mub
3/16/23 11:26,1,mub
3/16/23 11:31,1,mub
3/16/23 11:34,1,mub
3/16/23 11:43,1,mub
3/16/23 11:48,1,mub
3/16/23 12:01,1,mub
3/20/23 9:40,1,mub
3/21/23 10:53,1,mub
3/21/23 10:58,1,mub
3/21/23 11:03,1,mub
3/21/23 11:07,1,mub
3/21/23 11:25,1,mub
3/21/23 11:40,1,mub
3/22/23 15:53,1,mub
3/22/23 16:10,1,mub
3/23/23 8:40,1,mub
3/23/23 9:12,1,mub
3/23/23 9:24,1,mub
3/23/23 9:31,1,mub
3/23/23 9:48,1,mub
3/23/23 10:01,1,mub
3/23/23 10:33,1,mub
3/23/23 10:44,1,mub
3/23/23 11:24,1,mub
3/23/23 11:40,1,mub
3/23/23 11:56,1,mub
3/23/23 12:19,1,mub
3/23/23 13:14,1,mub
3/23/23 13:34,1,mub
3/23/23 13:54,1,mub
3/23/23 14:04,1,mub
3/23/23 14:38,1,mub
3/23/23 14:50,1,mub
3/23/23 15:06,1,mub
3/23/23 15:14,1,mub
3/23/23 15:33,1,mub
3/23/23 15:46,1,mub
3/23/23 16:09,1,mub
3/24/23 9:13,1,mub
3/24/23 9:39,1,mub
3/24/23 10:12,1,mub
3/24/23 10:23,1,mub
3/24/23 10:44,1,mub
3/24/23 11:00,1,mub
3/24/23 11:42,1,mub
3/24/23 13:23,1,mub
3/24/23 14:02,1,mub
3/24/23 16:15,1,mub
3/24/23 16:55,1,mub
3/28/23 11:58,1,mub
3/28/23 12:06,1,mub
3/28/23 12:17,1,mub
4/1/23 10:34,1,mub
4/1/23 10:37,1,mub
4/1/23 10:39,1,mub
4/1/23 10:43,1,mub
4/1/23 10:46,1,mub
4/1/23 10:50,1,mub
4/1/23 10:53,1,mub
4/1/23 10:58,1,mub
4/1/23 11:00,1,mub
4/1/23 11:06,1,mub
4/1/23 11:09,1,mub
4/1/23 11:14,1,mub
4/1/23 11:18,1,mub
4/6/23 11:02,1,mub
4/6/23 11:10,1,mub
4/6/23 11:25,1,mub
4/6/23 11:35,1,mub
4/6/23 11:45,1,mub
4/6/23 11:55,1,mub
4/6/23 12:10,1,mub
4/6/23 12:14,1,mub
4/6/23 12:24,1,mub
4/6/23 12:34,1,mub
4/6/23 12:54,1,mub
4/6/23 12:57,1,mub
4/6/23 13:04,1,mub
4/6/23 13:25,1,mub
4/14/23 11:26,1,mub
4/14/23 11:27,1,mub
4/14/23 11:28,1,mub
4/14/23 11:29,1,mub
4/14/23 11:30,1,mub
4/14/23 11:31,1,mub
4/14/23 11:32,1,mub
4/14/23 11:33,1,mub
4/14/23 11:34,1,mub
4/14/23 11:35,1,mub
4/14/23 11:35,1,mub
4/14/23 11:36,1,mub
4/14/23 11:37,1,mub
4/14/23 11:38,1,mub
4/14/23 11:39,1,mub
4/14/23 11:40,1,mub
4/14/23 11:43,1,mub
4/14/23 11:45,1,mub
4/14/23 11:48,1,mub
4/14/23 11:49,1,mub
4/14/23 11:51,1,mub
4/14/23 11:53,1,mub
4/14/23 11:57,1,mub
4/14/23 11:59,1,mub
4/14/23 12:03,1,mub
4/14/23 12:08,1,mub
4/14/23 14:28,1,mub
4/14/23 14:29,1,mub
4/14/23 14:30,1,mub
4/14/23 14:31,1,mub
4/15/23 10:49,1,mub
4/15/23 10:51,1,mub
4/15/23 10:59,1,mub
4/19/23 12:48,1,mub
4/19/23 12:58,1,mub
4/19/23 13:07,1,mub
4/19/23 13:38,1,mub
4/22/23 9:54,1,mub
4/25/23 8:06,1,mub
4/25/23 8:08,1,mub
4/25/23 8:10,1,mub
4/25/23 8:11,1,mub
4/25/23 8:15,1,mub
4/25/23 8:17,1,mub
4/25/23 8:21,1,mub
4/25/23 8:24,1,mub
4/25/23 8:29,1,mub
4/25/23 8:33,1,mub
4/25/23 8:41,1,mub
4/25/23 8:47,1,mub
4/25/23 9:10,1,mub
4/28/23 8:47,1,mub
4/28/23 8:49,1,mub
4/28/23 8:51,1,mub
4/28/23 8:53,1,mub
4/28/23 8:55,1,mub
4/28/23 8:58,1,mub
4/28/23 8:59,1,mub
4/28/23 9:03,1,mub
4/28/23 9:05,1,mub
4/28/23 9:09,1,mub
4/28/23 9:12,1,mub
4/28/23 9:18,1,mub
4/28/23 9:24,1,mub
5/2/23 17:18,1,mub
5/2/23 17:23,1,mub
5/4/23 9:07,1,mub
5/4/23 9:28,1,mub
5/4/23 9:47,1,mub
5/4/23 10:40,1,mub
5/4/23 16:58,1,mub
5/6/23 8:00,1,mub
5/6/23 8:03,1,mub
5/6/23 8:06,1,mub
5/6/23 8:11,1,mub
5/6/23 8:14,1,mub
5/7/23 9:10,1,mub
5/10/23 19:11,1,mub
5/10/23 19:26,1,mub
5/10/23 19:40,1,mub
5/10/23 19:58,1,mub
5/10/23 20:06,1,mub
5/10/23 20:11,1,mub
5/10/23 20:15,1,mub
5/10/23 20:20,1,mub
5/10/23 20:23,1,mub
5/10/23 20:27,1,mub
5/10/23 20:29,1,mub
5/10/23 20:32,1,mub
5/10/23 20:35,1,mub
5/10/23 20:40,1,mub
5/10/23 20:43,1,mub
5/10/23 20:48,1,mub
5/10/23 20:51,1,mub
5/10/23 20:58,1,mub
5/10/23 21:02,1,mub
5/10/23 21:08,1,mub
5/10/23 21:11,1,mub
5/10/23 21:15,1,mub
5/10/23 21:19,1,mub
5/10/23 23:30,1,mub
5/10/23 23:44,1,mub
5/11/23 0:10,1,mub
5/11/23 1:11,1,mub
5/11/23 16:49,1,mub
5/11/23 17:35,1,mub
5/11/23 17:56,1,mub
5/11/23 18:25,1,mub
5/11/23 19:38,1,mub
5/11/23 19:49,1,mub
5/11/23 20:40,1,mub
5/11/23 21:22,1,mub
5/11/23 23:08,1,mub
5/11/23 23:27,1,mub
5/11/23 23:51,1,mub
5/12/23 0:08,1,mub
5/12/23 0:39,1,mub
5/12/23 0:56,1,mub
5/12/23 1:34,1,mub
5/12/23 2:10,1,mub
5/12/23 3:32,1,mub
5/12/23 4:37,1,mub
5/12/23 7:53,1,mub
5/15/23 10:57,1,mub
5/15/23 12:24,1,mub
5/18/23 16:57,1,mub
5/18/23 17:04,1,mub
5/18/23 17:31,1,mub
5/18/23 18:20,1,mub
5/19/23 13:13,1,mub
5/19/23 14:13,1,mub
5/19/23 14:15,1,mub
5/19/23 14:20,1,mub
5/19/23 14:33,1,mub
5/19/23 15:08,1,mub
5/19/23 15:14,1,mub
5/19/23 15:18,1,mub
5/19/23 15:25,1,mub
5/19/23 15:30,1,mub
5/19/23 15:32,1,mub
5/19/23 15:35,1,mub
5/19/23 15:37,1,mub
5/19/23 15:43,1,mub
5/19/23 15:50,1,mub
5/19/23 16:01,1,mub
5/20/23 12:24,1,mub
5/20/23 12:36,1,mub
5/20/23 12:46,1,mub
5/20/23 13:13,1,mub
5/20/23 13:17,1,mub
5/20/23 13:23,1,mub
5/20/23 13:26,1,mub
5/20/23 15:43,1,mub
5/20/23 16:33,1,mub
5/24/23 9:49,1,mub
5/24/23 9:50,1,mub
5/24/23 9:51,1,mub
5/24/23 9:52,1,mub
5/24/23 9:53,1,mub
5/24/23 9:53,1,mub
5/24/23 9:54,1,mub
5/24/23 9:55,1,mub
5/24/23 9:55,1,mub
5/24/23 9:56,1,mub
5/24/23 9:57,1,mub
5/24/23 9:58,1,mub
5/24/23 10:00,1,mub
5/24/23 10:00,1,mub
5/24/23 10:01,1,mub
5/24/23 15:41,1,mub
5/26/23 11:25,1,mub
5/26/23 11:29,1,mub
6/1/23 13:15,1,mub
6/1/23 13:25,1,mub
6/1/23 17:44,1,mub
6/1/23 17:50,1,mub
6/1/23 17:55,1,mub
6/1/23 17:59,1,mub
6/2/23 0:08,1,mub
6/2/23 0:30,1,mub
6/2/23 0:50,1,mub
6/2/23 1:03,1,mub
6/2/23 1:33,1,mub
6/2/23 1:45,1,mub
6/2/23 3:04,1,mub
6/2/23 3:19,1,mub
6/2/23 3:36,1,mub
6/2/23 3:49,1,mub
6/2/23 4:32,1,mub
6/2/23 4:46,1,mub
6/2/23 5:14,1,mub
6/2/23 5:21,1,mub
6/2/23 5:29,1,mub
6/2/23 5:33,1,mub
6/2/23 5:40,1,mub
6/2/23 5:43,1,mub
6/2/23 5:47,1,mub
6/2/23 5:50,1,mub
6/2/23 5:55,1,mub
6/2/23 5:57,1,mub
6/2/23 6:00,1,mub
6/2/23 6:01,1,mub
6/2/23 6:05,1,mub
6/2/23 6:08,1,mub
6/2/23 6:13,1,mub
6/2/23 6:17,1,mub
6/2/23 6:21,1,mub
6/2/23 6:33,1,mub
6/2/23 6:51,1,mub
6/2/23 6:56,1,mub
6/2/23 7:03,1,mub
6/2/23 7:09,1,mub
6/2/23 7:19,1,mub
6/2/23 7:25,1,mub
6/2/23 9:35,1,mub
6/2/23 9:37,1,mub
6/2/23 9:39,1,mub
6/2/23 9:41,1,mub
6/2/23 9:44,1,mub
6/2/23 9:46,1,mub
6/2/23 9:49,1,mub
6/2/23 9:51,1,mub
6/2/23 9:53,1,mub
6/2/23 9:55,1,mub
6/2/23 9:58,1,mub
6/2/23 9:59,1,mub
6/2/23 10:02,1,mub
6/2/23 10:04,1,mub
6/2/23 10:06,1,mub
6/2/23 10:08,1,mub
6/2/23 10:10,1,mub
6/2/23 10:12,1,mub
6/2/23 10:15,1,mub
6/2/23 10:16,1,mub
6/2/23 10:20,1,mub
6/2/23 10:23,1,mub
6/3/23 14:10,1,mub
6/3/23 14:14,1,mub
6/3/23 14:16,1,mub
6/3/23 14:18,1,mub
6/3/23 14:21,1,mub
6/3/23 14:32,1,mub
6/3/23 14:45,1,mub
6/3/23 14:53,1,mub
6/3/23 15:08,1,mub
6/3/23 15:13,1,mub
6/3/23 15:28,1,mub
6/3/23 15:34,1,mub
6/3/23 21:06,1,mub
6/3/23 21:16,1,mub
6/3/23 22:12,1,mub
6/4/23 5:01,1,mub
6/4/23 9:29,1,mub
6/4/23 9:37,1,mub
6/4/23 9:53,1,mub
6/4/23 10:46,1,mub
6/4/23 11:24,1,mub
6/4/23 11:35,1,mub
6/4/23 11:47,1,mub
6/4/23 11:51,1,mub
6/4/23 12:09,1,mub
6/4/23 12:30,1,mub
6/5/23 10:34,1,mub
6/7/23 13:33,1,mub
6/7/23 13:34,1,mub
6/7/23 13:35,1,mub
6/7/23 13:40,1,mub
6/7/23 13:49,1,mub
6/7/23 14:51,1,mub
6/7/23 14:57,1,mub
6/7/23 15:02,1,mub
6/7/23 15:06,1,mub
6/7/23 15:10,1,mub
6/7/23 15:17,1,mub
6/7/23 16:07,1,mub
6/7/23 16:38,1,mub
6/7/23 16:47,1,mub
6/7/23 16:54,1,mub
6/7/23 17:02,1,mub
6/7/23 17:11,1,mub
6/7/23 17:22,1,mub
6/7/23 17:28,1,mub
6/7/23 17:35,1,mub
6/7/23 17:40,1,mub
6/7/23 17:46,1,mub
6/7/23 17:52,1,mub
6/7/23 18:00,1,mub
6/7/23 18:09,1,mub
6/7/23 18:27,1,mub
6/7/23 19:04,1,mub
6/7/23 21:13,1,mub
6/11/23 16:00,1,mub
6/11/23 16:53,1,mub
6/11/23 17:03,1,mub
6/11/23 17:08,1,mub
6/11/23 17:09,1,mub
6/11/23 17:11,1,mub
6/11/23 17:15,1,mub
6/11/23 17:20,1,mub
6/11/23 17:23,1,mub
6/11/23 20:01,1,mub
6/11/23 20:13,1,mub
6/11/23 20:21,1,mub
6/12/23 2:27,1,mub
6/12/23 9:37,1,mub
6/12/23 10:42,1,mub
6/12/23 10:47,1,mub
6/12/23 11:40,1,mub
6/12/23 12:25,1,mub
6/12/23 13:13,1,mub
6/12/23 13:38,1,mub
6/12/23 13:49,1,mub
6/13/23 10:42,1,mub
6/13/23 11:05,1,mub
6/13/23 11:32,1,mub
6/13/23 11:56,1,mub
6/13/23 12:19,1,mub
6/13/23 12:33,1,mub
6/13/23 12:57,1,mub
6/13/23 13:10,1,mub
6/13/23 17:48,1,mub
6/13/23 17:56,1,mub
6/14/23 13:53,1,mub
6/14/23 13:54,1,mub
6/14/23 13:56,1,mub
6/14/23 22:32,1,mub
6/14/23 22:52,1,mub
6/14/23 23:01,1,mub
6/14/23 23:09,1,mub
6/14/23 23:16,1,mub
6/14/23 23:33,1,mub
6/14/23 23:48,1,mub
6/15/23 17:21,1,mub
6/15/23 17:37,1,mub
6/15/23 20:13,1,mub
6/15/23 20:14,1,mub
6/15/23 20:15,1,mub
6/15/23 20:19,1,mub
6/15/23 20:22,1,mub
6/15/23 20:25,1,mub
6/15/23 20:28,1,mub
6/15/23 20:30,1,mub
6/15/23 20:32,1,mub
6/15/23 20:34,1,mub
6/15/23 20:35,1,mub
6/15/23 20:36,1,mub
6/15/23 20:38,1,mub
6/15/23 20:40,1,mub
6/15/23 20:42,1,mub
6/15/23 20:43,1,mub
6/15/23 20:44,1,mub
6/15/23 20:45,1,mub
6/15/23 20:48,1,mub
6/15/23 20:52,1,mub
6/15/23 20:59,1,mub
6/15/23 21:05,1,mub
6/15/23 21:10,1,mub
6/15/23 21:21,1,mub
6/16/23 20:07,1,mub
6/29/23 20:07,1,mub
6/29/23 20:09,1,mub
6/30/23 11:49,1,mub
6/30/23 11:55,1,mub
6/30/23 12:05,1,mub
6/30/23 13:47,1,mub
6/30/23 13:55,1,mub
6/30/23 13:58,1,mub
6/30/23 14:02,1,mub
6/30/23 15:56,1,mub
6/30/23 16:08,1,mub
6/30/23 16:13,1,mub
6/30/23 16:18,1,mub
6/30/23 16:24,1,mub
6/30/23 17:36,1,mub
6/30/23 17:41,1,mub
6/30/23 17:45,1,mub
6/30/23 17:48,1,mub
6/30/23 17:57,1,mub
7/1/23 14:48,1,mub
7/1/23 14:52,1,mub
7/1/23 15:05,1,mub
7/1/23 15:06,1,mub
7/1/23 15:07,1,mub
7/1/23 15:07,1,mub
7/1/23 15:08,1,mub
7/1/23 15:08,1,mub
7/1/23 15:09,1,mub
7/1/23 15:09,1,mub
7/1/23 15:10,1,mub
7/1/23 15:11,1,mub
7/1/23 15:13,1,mub
7/1/23 15:14,1,mub
7/1/23 15:15,1,mub
7/1/23 15:16,1,mub
7/1/23 15:17,1,mub
7/1/23 15:19,1,mub
7/1/23 15:21,1,mub
7/4/23 12:09,1,mub
7/4/23 12:17,1,mub
7/4/23 12:18,1,mub
7/4/23 12:19,1,mub
7/4/23 12:20,1,mub
7/4/23 15:24,1,mub
7/4/23 15:33,1,mub
7/4/23 17:20,1,mub
7/4/23 17:20,1,mub
7/4/23 17:21,1,mub
7/4/23 17:21,1,mub
7/4/23 17:21,1,mub
7/4/23 17:22,1,mub
7/4/23 17:22,1,mub
7/4/23 17:22,1,mub
7/4/23 17:23,1,mub
7/4/23 17:23,1,mub
7/4/23 17:24,1,mub
7/4/23 17:25,1,mub
7/4/23 17:27,1,mub
7/4/23 17:29,1,mub
7/4/23 17:33,1,mub
7/4/23 18:00,1,mub
7/5/23 0:51,1,mub
7/5/23 0:52,1,mub
7/5/23 0:52,1,mub
7/5/23 0:52,1,mub
7/5/23 0:53,1,mub
7/5/23 0:53,1,mub
7/5/23 0:53,1,mub
7/5/23 0:54,1,mub
7/5/23 0:55,1,mub
7/5/23 0:55,1,mub
7/5/23 0:59,1,mub
7/5/23 18:49,1,mub
7/5/23 18:51,1,mub
7/5/23 18:51,1,mub
7/5/23 18:52,1,mub
7/5/23 18:53,1,mub
7/5/23 18:54,1,mub
7/5/23 18:58,1,mub
7/5/23 21:09,1,mub
7/5/23 21:10,1,mub
7/5/23 21:11,1,mub
7/5/23 21:12,1,mub
7/5/23 21:13,1,mub
7/5/23 21:15,1,mub
7/5/23 21:26,1,mub
7/6/23 2:56,1,mub
7/6/23 3:05,1,mub
7/6/23 13:43,1,mub
7/6/23 14:39,1,mub
7/7/23 15:06,1,mub
7/7/23 15:08,1,mub
7/7/23 15:11,1,mub
7/18/23 23:41,1,mub
7/20/23 0:38,1,mub
7/20/23 0:38,1,mub
7/20/23 0:39,1,mub
7/20/23 0:40,1,mub
7/20/23 0:40,1,mub
7/20/23 0:40,1,mub
7/20/23 0:41,1,mub
7/20/23 0:41,1,mub
7/20/23 0:43,1,mub
7/20/23 0:44,1,mub
7/20/23 0:45,1,mub
7/20/23 0:47,1,mub
7/20/23 0:49,1,mub
7/20/23 0:52,1,mub
7/20/23 2:12,1,mub
7/20/23 2:23,1,mub
7/20/23 2:27,1,mub
7/20/23 2:32,1,mub
7/20/23 2:39,1,mub
7/20/23 2:47,1,mub
7/20/23 2:50,1,mub
7/20/23 2:54,1,mub
7/20/23 3:00,1,mub
7/20/23 3:04,1,mub
7/20/23 3:07,1,mub
7/20/23 3:10,1,mub
7/20/23 3:13,1,mub
7/20/23 3:42,1,mub
7/20/23 5:43,1,mub
7/20/23 6:16,1,mub
7/20/23 11:34,1,mub
7/20/23 11:37,1,mub
7/20/23 11:38,1,mub
7/20/23 11:39,1,mub
7/20/23 11:42,1,mub
7/20/23 11:47,1,mub
7/20/23 11:50,1,mub
7/20/23 12:33,1,mub
7/20/23 12:35,1,mub
7/20/23 12:39,1,mub
7/20/23 12:59,1,mub
7/20/23 13:00,1,mub
7/20/23 13:01,1,mub
7/20/23 13:02,1,mub
7/20/23 13:14,1,mub
7/20/23 13:15,1,mub
7/20/23 13:15,1,mub
7/20/23 13:16,1,mub
7/20/23 13:16,1,mub
7/20/23 13:16,1,mub
7/20/23 13:17,1,mub
7/20/23 13:19,1,mub
7/20/23 14:59,1,mub
7/22/23 14:12,1,mub
7/26/23 12:02,1,mub
7/26/23 12:11,1,mub
7/26/23 12:12,1,mub
7/26/23 12:13,1,mub
7/26/23 12:16,1,mub
7/26/23 12:18,1,mub
7/26/23 12:19,1,mub
7/26/23 12:21,1,mub
7/26/23 12:21,1,mub
7/26/23 12:22,1,mub
7/26/23 12:23,1,mub
7/26/23 12:23,1,mub
7/26/23 12:23,1,mub
7/26/23 12:24,1,mub
7/26/23 12:24,1,mub
7/26/23 12:24,1,mub
7/26/23 12:25,1,mub
7/26/23 12:25,1,mub
7/26/23 12:26,1,mub
7/26/23 12:26,1,mub
7/26/23 12:27,1,mub
7/26/23 12:27,1,mub
7/26/23 12:28,1,mub
7/26/23 12:29,1,mub
7/26/23 12:30,1,mub
7/26/23 12:33,1,mub
7/26/23 12:41,1,mub
7/27/23 12:19,1,mub
7/27/23 12:23,1,mub
7/27/23 12:30,1,mub
7/28/23 13:55,1,mub
7/28/23 14:01,1,mub
7/30/23 17:57,1,mub
7/30/23 18:19,1,mub
7/31/23 1:26,1,mub
7/31/23 16:38,1,mub
7/31/23 16:53,1,mub
7/31/23 17:08,1,mub
7/31/23 17:23,1,mub
7/31/23 21:54,1,mub
7/31/23 21:57,1,mub
7/31/23 21:58,1,mub
7/31/23 22:00,1,mub
7/31/23 22:02,1,mub
7/31/23 22:05,1,mub
7/31/23 22:08,1,mub
7/31/23 22:18,1,mub
8/1/23 1:41,1,mub
8/1/23 2:03,1,mub
8/1/23 2:17,1,mub
8/1/23 2:21,1,mub
8/1/23 2:27,1,mub
8/1/23 2:56,1,mub
8/1/23 19:34,1,mub
8/1/23 20:01,1,mub
8/1/23 20:07,1,mub
8/1/23 20:13,1,mub
8/1/23 20:19,1,mub
8/1/23 20:22,1,mub
8/1/23 20:24,1,mub
8/1/23 20:27,1,mub
8/1/23 20:29,1,mub
8/1/23 20:31,1,mub
8/1/23 20:33,1,mub
8/1/23 20:35,1,mub
8/1/23 20:37,1,mub
8/1/23 20:39,1,mub
8/1/23 20:41,1,mub
8/1/23 21:25,1,mub
8/1/23 22:53,1,mub
8/1/23 23:12,1,mub
8/2/23 1:39,1,mub
8/2/23 1:58,1,mub
8/2/23 2:12,1,mub
8/2/23 12:59,1,mub
8/2/23 13:02,1,mub
8/2/23 13:03,1,mub
8/2/23 13:04,1,mub
8/2/23 13:49,1,mub
8/2/23 23:26,1,mub
8/2/23 23:28,1,mub
8/3/23 0:09,1,mub
8/3/23 0:38,1,mub
8/3/23 0:45,1,mub
8/3/23 0:51,1,mub
8/3/23 1:33,1,mub
8/3/23 1:42,1,mub
8/3/23 1:46,1,mub
8/3/23 1:50,1,mub
8/4/23 15:26,1,mub
8/6/23 1:36,1,mub
8/6/23 16:13,1,mub
8/6/23 16:14,1,mub
8/6/23 16:14,1,mub
8/6/23 16:15,1,mub
8/6/23 16:20,1,mub
8/6/23 16:26,1,mub
8/6/23 16:34,1,mub
8/6/23 16:46,1,mub
8/6/23 16:52,1,mub
8/6/23 16:53,1,mub
8/6/23 16:56,1,mub
8/6/23 16:59,1,mub
8/6/23 17:03,1,mub
8/6/23 17:04,1,mub
8/6/23 17:05,1,mub
8/6/23 17:07,1,mub
8/6/23 17:24,1,mub
8/6/23 17:41,1,mub
8/6/23 17:44,1,mub
8/6/23 17:45,1,mub
8/6/23 17:46,1,mub
8/6/23 17:48,1,mub
8/6/23 18:03,1,mub
8/11/23 16:05,1,mub
8/11/23 16:09,1,mub
8/12/23 11:53,1,mub
8/12/23 12:11,1,mub
8/12/23 12:13,1,mub
8/12/23 12:20,1,mub
8/12/23 15:41,1,mub
8/18/23 12:02,1,mub
8/18/23 12:06,1,mub
8/18/23 12:07,1,mub
8/18/23 12:08,1,mub
8/18/23 12:43,1,mub
8/18/23 14:14,1,mub
8/18/23 14:15,1,mub
8/18/23 14:16,1,mub
8/18/23 14:16,1,mub
8/18/23 14:16,1,mub
8/18/23 14:17,1,mub
8/18/23 14:17,1,mub
8/18/23 14:17,1,mub
8/18/23 14:18,1,mub
8/18/23 14:19,1,mub
8/18/23 14:20,1,mub
8/18/23 14:20,1,mub
8/18/23 14:21,1,mub
8/18/23 14:21,1,mub
8/18/23 14:22,1,mub
8/18/23 14:24,1,mub
8/18/23 14:25,1,mub
8/18/23 14:26,1,mub
8/18/23 14:26,1,mub
8/18/23 14:26,1,mub
8/18/23 14:26,1,mub
8/18/23 14:27,1,mub
8/18/23 14:27,1,mub
8/18/23 14:28,1,mub
8/18/23 14:28,1,mub
8/18/23 14:29,1,mub
8/18/23 14:29,1,mub
8/18/23 14:29,1,mub
8/18/23 14:30,1,mub
8/18/23 14:30,1,mub
8/18/23 14:31,1,mub
8/18/23 14:34,1,mub
8/18/23 14:38,1,mub
8/18/23 14:38,1,mub
8/18/23 14:39,1,mub
8/23/23 17:47,1,mub
8/23/23 17:48,1,mub
8/23/23 19:10,1,mub
8/23/23 20:09,1,mub
8/24/23 13:11,1,mub
8/24/23 13:12,1,mub
8/24/23 13:14,1,mub
8/24/23 13:15,1,mub
8/24/23 13:17,1,mub
8/24/23 13:21,1,mub
8/24/23 13:21,1,mub
8/24/23 13:22,1,mub
8/24/23 13:22,1,mub
8/24/23 13:22,1,mub
8/24/23 13:22,1,mub
8/24/23 13:23,1,mub
8/24/23 13:23,1,mub
8/24/23 13:23,1,mub
8/24/23 13:23,1,mub
8/24/23 13:24,1,mub
8/24/23 13:25,1,mub
8/24/23 13:26,1,mub
8/24/23 13:27,1,mub
8/24/23 13:31,1,mub
8/24/23 13:36,1,mub
8/24/23 13:56,1,mub
8/24/23 15:56,1,mub
8/24/23 16:09,1,mub
8/24/23 16:16,1,mub
8/24/23 17:26,1,mub
8/24/23 17:29,1,mub
8/24/23 17:33,1,mub
8/24/23 17:39,1,mub
8/24/23 17:44,1,mub
8/24/23 17:48,1,mub
8/24/23 17:53,1,mub
8/24/23 18:22,1,mub
8/24/23 18:23,1,mub
8/24/23 18:26,1,mub
8/24/23 18:29,1,mub
8/24/23 19:39,1,mub
8/24/23 19:49,1,mub
8/24/23 19:59,1,mub
8/24/23 20:02,1,mub
8/24/23 20:05,1,mub
8/24/23 20:08,1,mub
8/24/23 20:10,1,mub
8/24/23 20:13,1,mub
8/24/23 20:17,1,mub
8/24/23 20:20,1,mub
8/24/23 20:22,1,mub
8/24/23 20:24,1,mub
8/24/23 20:25,1,mub
8/24/23 20:28,1,mub
8/24/23 20:32,1,mub
8/24/23 20:37,1,mub
8/24/23 20:39,1,mub
8/24/23 20:40,1,mub
8/24/23 20:41,1,mub
8/24/23 20:43,1,mub
8/24/23 20:44,1,mub
8/24/23 20:47,1,mub
8/24/23 20:48,1,mub
8/24/23 20:50,1,mub
8/24/23 20:52,1,mub
8/24/23 20:55,1,mub
8/24/23 20:58,1,mub
8/24/23 21:02,1,mub
8/24/23 21:05,1,mub
8/24/23 21:09,1,mub
8/24/23 21:13,1,mub
8/24/23 21:17,1,mub
8/24/23 21:22,1,mub
8/24/23 21:25,1,mub
8/24/23 21:29,1,mub
8/24/23 21:32,1,mub
8/24/23 21:35,1,mub
8/24/23 21:39,1,mub
8/24/23 21:43,1,mub
8/24/23 21:46,1,mub
8/24/23 21:49,1,mub
8/24/23 21:52,1,mub
8/24/23 21:54,1,mub
8/24/23 21:56,1,mub
8/24/23 21:58,1,mub
8/24/23 22:00,1,mub
8/24/23 22:02,1,mub
8/24/23 22:03,1,mub
8/24/23 22:05,1,mub
8/24/23 22:07,1,mub
8/24/23 22:09,1,mub
8/24/23 22:11,1,mub
8/24/23 22:12,1,mub
8/24/23 22:14,1,mub
8/24/23 22:17,1,mub
8/24/23 22:18,1,mub
8/24/23 22:20,1,mub
8/24/23 22:22,1,mub
8/24/23 22:25,1,mub
8/24/23 22:26,1,mub
8/24/23 22:28,1,mub
8/24/23 22:30,1,mub
8/24/23 22:32,1,mub
8/24/23 22:33,1,mub
8/24/23 22:35,1,mub
8/24/23 22:37,1,mub
8/24/23 22:39,1,mub
8/24/23 22:41,1,mub
8/24/23 22:45,1,mub
8/24/23 22:57,1,mub
8/24/23 23:14,1,mub
8/24/23 23:47,1,mub
8/25/23 0:09,1,mub
8/25/23 0:16,1,mub
8/25/23 0:36,1,mub
8/25/23 1:03,1,mub
8/25/23 16:56,1,mub
8/25/23 17:01,1,mub
8/25/23 17:04,1,mub
8/25/23 17:07,1,mub
8/25/23 17:09,1,mub
8/25/23 17:11,1,mub
8/25/23 17:14,1,mub
8/25/23 17:17,1,mub
8/25/23 17:21,1,mub
8/25/23 17:24,1,mub
8/25/23 17:27,1,mub
8/25/23 17:38,1,mub
8/26/23 13:03,1,mub
8/26/23 13:05,1,mub
8/26/23 13:08,1,mub
8/26/23 13:09,1,mub
8/26/23 13:10,1,mub
8/26/23 13:10,1,mub
8/26/23 13:10,1,mub
8/26/23 13:11,1,mub
8/26/23 13:11,1,mub
8/26/23 13:12,1,mub
8/26/23 13:15,1,mub
8/26/23 13:26,1,mub
8/26/23 13:32,1,mub
8/26/23 13:35,1,mub
8/26/23 13:37,1,mub
8/26/23 13:39,1,mub
8/26/23 13:41,1,mub
8/26/23 13:42,1,mub
8/26/23 13:43,1,mub
8/26/23 13:44,1,mub
8/26/23 13:45,1,mub
8/26/23 13:52,1,mub
8/26/23 14:04,1,mub
8/27/23 5:21,1,mub
8/27/23 16:09,1,mub
8/27/23 16:11,1,mub
8/27/23 18:28,1,mub
8/27/23 18:37,1,mub
8/27/23 18:37,1,mub
8/27/23 18:38,1,mub
8/27/23 18:39,1,mub
8/27/23 18:40,1,mub
8/27/23 18:42,1,mub
8/27/23 18:46,1,mub
8/28/23 16:38,1,mub
8/28/23 16:43,1,mub
8/28/23 16:44,1,mub
8/28/23 16:47,1,mub
8/28/23 16:49,1,mub
9/3/23 16:19,1,mub
9/3/23 16:26,1,mub
9/3/23 16:27,1,mub
9/3/23 16:28,1,mub
9/3/23 16:28,1,mub
9/3/23 16:28,1,mub
9/3/23 16:30,1,mub
9/3/23 16:30,1,mub
9/4/23 6:50,1,mub
9/10/23 14:59,1,mub
9/10/23 15:05,1,mub
9/10/23 15:20,1,mub
9/10/23 17:12,1,mub
9/10/23 17:13,1,mub
9/10/23 17:15,1,mub
9/10/23 17:20,1,mub
9/10/23 21:00,1,mub
9/10/23 21:07,1,mub
9/10/23 21:09,1,mub
9/10/23 21:14,1,mub
9/10/23 21:22,1,mub
9/10/23 21:29,1,mub
9/10/23 21:36,1,mub
9/10/23 21:40,1,mub
9/10/23 21:43,1,mub
9/10/23 21:46,1,mub
9/10/23 21:48,1,mub
9/10/23 21:51,1,mub
9/10/23 21:58,1,mub
9/10/23 22:06,1,mub
9/10/23 23:08,1,mub
9/14/23 11:54,1,mub
9/14/23 11:56,1,mub
9/14/23 12:07,1,mub
9/14/23 12:25,1,mub
9/14/23 12:32,1,mub
9/14/23 12:33,1,mub
9/14/23 12:35,1,mub
9/14/23 12:39,1,mub
9/14/23 12:43,1,mub
9/14/23 12:49,1,mub
9/14/23 12:56,1,mub
9/14/23 13:22,1,mub
9/14/23 13:29,1,mub
9/14/23 13:30,1,mub
9/14/23 13:31,1,mub
9/14/23 13:32,1,mub
9/14/23 13:32,1,mub
9/14/23 13:33,1,mub
9/14/23 13:33,1,mub
9/14/23 13:33,1,mub
9/14/23 13:34,1,mub
9/14/23 13:34,1,mub
9/14/23 13:35,1,mub
9/14/23 13:36,1,mub
9/14/23 13:37,1,mub
9/14/23 13:39,1,mub
9/14/23 13:42,1,mub
9/14/23 13:43,1,mub
9/14/23 13:43,1,mub
9/14/23 13:44,1,mub
9/14/23 13:45,1,mub
9/14/23 13:45,1,mub
9/14/23 13:46,1,mub
9/14/23 13:49,1,mub
9/14/23 13:54,1,mub
9/14/23 13:59,1,mub
9/14/23 14:03,1,mub
9/14/23 14:06,1,mub
9/14/23 14:08,1,mub
9/14/23 14:10,1,mub
9/14/23 14:15,1,mub
9/14/23 14:22,1,mub
9/14/23 14:26,1,mub
9/14/23 14:29,1,mub
9/14/23 14:32,1,mub
9/14/23 14:37,1,mub
9/14/23 14:42,1,mub
9/14/23 14:51,1,mub
9/14/23 15:02,1,mub
9/14/23 15:11,1,mub
9/14/23 15:23,1,mub
9/14/23 15:40,1,mub
9/14/23 15:52,1,mub
9/14/23 16:01,1,mub
9/14/23 16:10,1,mub
9/14/23 16:20,1,mub
9/15/23 11:44,1,mub
9/19/23 13:47,1,mub
5/24/23 19:26,1,p1
5/24/23 19:30,1,p1
5/25/23 18:57,1,p1
5/26/23 19:02,1,p1
5/26/23 19:06,1,p1
5/26/23 19:08,1,p1
5/26/23 19:09,1,p1
5/26/23 19:13,1,p1
6/1/23 13:51,1,p1
6/1/23 13:56,1,p1
6/1/23 14:00,1,p1
6/1/23 14:02,1,p1
6/1/23 14:12,1,p1
6/1/23 14:29,1,p1
6/1/23 14:37,1,p1
6/1/23 14:41,1,p1
6/1/23 14:43,1,p1
6/1/23 14:44,1,p1
6/1/23 14:50,1,p1
6/1/23 14:53,1,p1
6/1/23 14:58,1,p1
6/1/23 15:01,1,p1
6/1/23 15:04,1,p1
6/1/23 15:07,1,p1
6/1/23 15:10,1,p1
6/1/23 15:13,1,p1
6/1/23 15:21,1,p1
6/1/23 16:30,1,p1
6/1/23 17:16,1,p1
6/1/23 17:25,1,p1
6/1/23 18:15,1,p1
6/1/23 18:19,1,p1
6/1/23 18:26,1,p1
6/2/23 0:45,1,p1
6/2/23 1:17,1,p1
6/2/23 3:02,1,p1
6/2/23 3:51,1,p1
6/2/23 4:23,1,p1
6/2/23 4:46,1,p1
6/2/23 4:58,1,p1
6/2/23 5:03,1,p1
6/2/23 5:11,1,p1
6/2/23 5:25,1,p1
6/2/23 5:37,1,p1
6/2/23 5:45,1,p1
6/2/23 5:51,1,p1
6/2/23 5:58,1,p1
6/2/23 6:08,1,p1
6/2/23 6:55,1,p1
6/2/23 7:34,1,p1
6/2/23 8:15,1,p1
6/2/23 9:24,1,p1
6/2/23 9:36,1,p1
6/2/23 13:29,1,p1
6/3/23 12:16,1,p1
6/3/23 16:56,1,p1
6/3/23 17:05,1,p1
6/3/23 17:18,1,p1
6/3/23 17:23,1,p1
6/3/23 17:31,1,p1
6/3/23 21:23,1,p1
6/3/23 21:49,1,p1
6/3/23 22:03,1,p1
6/3/23 23:12,1,p1
6/4/23 9:09,1,p1
6/4/23 9:29,1,p1
6/4/23 10:13,1,p1
6/4/23 10:29,1,p1
6/4/23 11:35,1,p1
6/4/23 12:01,1,p1
6/4/23 12:45,1,p1
6/4/23 13:05,1,p1
6/4/23 13:30,1,p1
6/5/23 10:32,1,p1
6/5/23 10:35,1,p1
6/5/23 10:37,1,p1
6/5/23 10:38,1,p1
6/5/23 10:40,1,p1
6/5/23 10:43,1,p1
6/5/23 10:44,1,p1
6/5/23 10:47,1,p1
6/5/23 10:49,1,p1
6/5/23 10:53,1,p1
6/5/23 10:57,1,p1
6/5/23 11:01,1,p1
6/5/23 11:05,1,p1
6/5/23 11:10,1,p1
6/5/23 11:13,1,p1
6/5/23 11:17,1,p1
6/5/23 11:21,1,p1
6/5/23 11:27,1,p1
6/5/23 11:32,1,p1
6/5/23 11:38,1,p1
6/5/23 11:43,1,p1
6/5/23 11:50,1,p1
6/5/23 13:06,1,p1
6/5/23 13:11,1,p1
6/5/23 13:13,1,p1
6/5/23 13:17,1,p1
6/5/23 13:20,1,p1
6/5/23 13:24,1,p1
6/5/23 13:27,1,p1
6/5/23 13:30,1,p1
6/5/23 13:32,1,p1
6/5/23 13:38,1,p1
6/7/23 13:27,1,p1
6/7/23 13:29,1,p1
6/7/23 13:29,1,p1
6/7/23 13:30,1,p1
6/7/23 13:31,1,p1
6/7/23 13:31,1,p1
6/7/23 13:32,1,p1
6/7/23 13:32,1,p1
6/7/23 13:32,1,p1
6/7/23 13:33,1,p1
6/7/23 13:36,1,p1
6/7/23 13:41,1,p1
6/7/23 13:47,1,p1
6/7/23 14:18,1,p1
6/7/23 14:23,1,p1
6/7/23 14:25,1,p1
6/7/23 14:28,1,p1
6/7/23 14:32,1,p1
6/7/23 14:35,1,p1
6/7/23 14:40,1,p1
6/7/23 15:23,1,p1
6/7/23 15:39,1,p1
6/7/23 15:45,1,p1
6/7/23 15:51,1,p1
6/7/23 15:57,1,p1
6/7/23 16:06,1,p1
6/7/23 16:18,1,p1
6/7/23 16:29,1,p1
6/7/23 16:39,1,p1
6/7/23 16:49,1,p1
6/7/23 16:58,1,p1
6/7/23 17:08,1,p1
6/7/23 17:17,1,p1
6/7/23 17:25,1,p1
6/7/23 17:31,1,p1
6/7/23 17:37,1,p1
6/7/23 17:42,1,p1
6/7/23 17:47,1,p1
6/7/23 17:52,1,p1
6/7/23 17:57,1,p1
6/7/23 18:02,1,p1
6/7/23 18:08,1,p1
6/7/23 18:14,1,p1
6/7/23 18:25,1,p1
6/7/23 18:40,1,p1
6/7/23 18:59,1,p1
6/7/23 19:26,1,p1
6/7/23 19:55,1,p1
6/7/23 20:02,1,p1
6/7/23 20:08,1,p1
6/7/23 20:15,1,p1
6/7/23 20:24,1,p1
6/7/23 20:40,1,p1
6/7/23 21:07,1,p1
6/7/23 21:18,1,p1
6/10/23 11:04,1,p1
6/10/23 11:14,1,p1
6/10/23 11:19,1,p1
6/10/23 12:35,1,p1
6/11/23 17:06,1,p1
6/11/23 17:08,1,p1
6/11/23 17:10,1,p1
6/11/23 17:15,1,p1
6/11/23 17:19,1,p1
6/11/23 17:38,1,p1
6/11/23 18:05,1,p1
6/11/23 18:14,1,p1
6/11/23 18:43,1,p1
6/11/23 20:13,1,p1
6/11/23 20:18,1,p1
6/11/23 20:21,1,p1
6/11/23 20:27,1,p1
6/11/23 20:30,1,p1
6/11/23 20:35,1,p1
6/11/23 20:43,1,p1
6/12/23 2:21,1,p1
6/12/23 2:23,1,p1
6/12/23 2:33,1,p1
6/12/23 2:35,1,p1
6/12/23 2:40,1,p1
6/12/23 3:26,1,p1
6/12/23 3:29,1,p1
6/12/23 3:31,1,p1
6/12/23 3:38,1,p1
6/12/23 3:41,1,p1
6/12/23 10:45,1,p1
6/12/23 12:42,1,p1
6/12/23 13:02,1,p1
6/12/23 13:05,1,p1
6/12/23 13:06,1,p1
6/12/23 13:08,1,p1
6/12/23 13:10,1,p1
6/12/23 13:12,1,p1
6/12/23 13:14,1,p1
6/12/23 13:17,1,p1
6/12/23 13:21,1,p1
6/12/23 13:26,1,p1
6/12/23 13:35,1,p1
6/12/23 13:56,1,p1
6/13/23 8:47,1,p1
6/13/23 8:50,1,p1
6/13/23 8:55,1,p1
6/13/23 9:10,1,p1
6/13/23 9:14,1,p1
6/13/23 9:23,1,p1
6/13/23 9:31,1,p1
6/13/23 9:46,1,p1
6/13/23 9:58,1,p1
6/13/23 10:02,1,p1
6/13/23 10:06,1,p1
6/13/23 10:11,1,p1
6/13/23 10:16,1,p1
6/13/23 10:20,1,p1
6/13/23 10:31,1,p1
6/13/23 10:45,1,p1
6/13/23 11:18,1,p1
6/13/23 11:37,1,p1
6/13/23 11:56,1,p1
6/13/23 12:03,1,p1
6/13/23 12:10,1,p1
6/13/23 12:22,1,p1
6/13/23 12:30,1,p1
6/13/23 12:40,1,p1
6/13/23 12:46,1,p1
6/13/23 12:52,1,p1
6/13/23 13:03,1,p1
6/13/23 13:13,1,p1
6/13/23 13:34,1,p1
6/14/23 13:17,1,p1
6/14/23 13:20,1,p1
6/14/23 13:21,1,p1
6/14/23 13:25,1,p1
6/14/23 15:49,1,p1
6/14/23 16:34,1,p1
6/14/23 22:52,1,p1
6/14/23 23:04,1,p1
6/14/23 23:17,1,p1
6/14/23 23:54,1,p1
6/15/23 17:12,1,p1
6/15/23 17:38,1,p1
6/15/23 17:42,1,p1
6/15/23 17:46,1,p1
6/15/23 20:17,1,p1
6/15/23 20:19,1,p1
6/15/23 20:20,1,p1
6/15/23 20:22,1,p1
6/15/23 20:23,1,p1
6/15/23 20:25,1,p1
6/15/23 20:27,1,p1
6/15/23 20:30,1,p1
6/15/23 20:32,1,p1
6/15/23 20:34,1,p1
6/15/23 20:36,1,p1
6/15/23 20:38,1,p1
6/15/23 20:40,1,p1
6/15/23 20:42,1,p1
6/15/23 20:43,1,p1
6/15/23 20:45,1,p1
6/15/23 20:47,1,p1
6/15/23 20:50,1,p1
6/15/23 20:53,1,p1
6/15/23 20:57,1,p1
6/15/23 21:03,1,p1
6/15/23 21:08,1,p1
6/15/23 21:13,1,p1
6/15/23 21:18,1,p1
6/15/23 21:27,1,p1
6/15/23 21:43,1,p1
6/15/23 22:13,1,p1
6/17/23 13:16,1,p1
6/29/23 19:47,1,p1
6/29/23 20:00,1,p1
6/29/23 20:21,1,p1
6/30/23 9:15,1,p1
6/30/23 9:23,1,p1
6/30/23 9:30,1,p1
6/30/23 9:38,1,p1
6/30/23 9:42,1,p1
6/30/23 9:47,1,p1
6/30/23 9:49,1,p1
6/30/23 9:52,1,p1
6/30/23 9:55,1,p1
6/30/23 9:57,1,p1
6/30/23 10:00,1,p1
6/30/23 10:04,1,p1
6/30/23 11:09,1,p1
6/30/23 11:14,1,p1
6/30/23 11:17,1,p1
6/30/23 11:18,1,p1
6/30/23 11:23,1,p1
6/30/23 12:19,1,p1
6/30/23 13:29,1,p1
6/30/23 16:00,1,p1
6/30/23 17:05,1,p1
6/30/23 17:07,1,p1
6/30/23 17:11,1,p1
6/30/23 17:16,1,p1
6/30/23 17:20,1,p1
6/30/23 17:23,1,p1
6/30/23 17:26,1,p1
6/30/23 17:27,1,p1
6/30/23 17:30,1,p1
6/30/23 17:33,1,p1
6/30/23 17:35,1,p1
6/30/23 17:36,1,p1
6/30/23 17:38,1,p1
6/30/23 17:45,1,p1
7/1/23 15:05,1,p1
7/4/23 16:01,1,p1
7/4/23 16:03,1,p1
7/4/23 16:27,1,p1
7/4/23 17:25,1,p1
7/4/23 17:25,1,p1
7/4/23 17:27,1,p1
7/4/23 17:28,1,p1
7/4/23 17:33,1,p1
7/4/23 17:53,1,p1
7/4/23 19:38,1,p1
7/5/23 0:03,1,p1
7/5/23 0:38,1,p1
7/5/23 0:50,1,p1
7/5/23 0:52,1,p1
7/5/23 1:01,1,p1
7/5/23 20:17,1,p1
7/5/23 21:13,1,p1
7/5/23 21:14,1,p1
7/5/23 21:18,1,p1
7/5/23 21:26,1,p1
7/6/23 0:13,1,p1
7/6/23 2:52,1,p1
7/6/23 3:00,1,p1
7/6/23 3:05,1,p1
7/6/23 3:08,1,p1
7/6/23 14:04,1,p1
7/6/23 14:09,1,p1
7/6/23 14:12,1,p1
7/6/23 14:17,1,p1
7/6/23 14:21,1,p1
7/6/23 14:23,1,p1
7/7/23 13:02,1,p1
7/7/23 13:02,1,p1
7/7/23 15:27,1,p1
7/7/23 15:30,1,p1
7/8/23 11:06,1,p1
7/8/23 11:08,1,p1
7/8/23 18:12,1,p1
7/8/23 18:15,1,p1
7/8/23 18:19,1,p1
7/8/23 18:24,1,p1
7/8/23 18:28,1,p1
7/8/23 18:35,1,p1
7/8/23 18:41,1,p1
7/12/23 20:45,1,p1
7/12/23 20:51,1,p1
7/12/23 20:52,1,p1
7/12/23 20:52,1,p1
7/12/23 20:53,1,p1
7/12/23 20:54,1,p1
7/12/23 21:01,1,p1
7/12/23 21:57,1,p1
7/12/23 23:00,1,p1
7/18/23 23:46,1,p1
7/20/23 0:48,1,p1
7/20/23 0:49,1,p1
7/20/23 0:52,1,p1
7/20/23 0:53,1,p1
7/20/23 0:55,1,p1
7/20/23 1:07,1,p1
7/20/23 1:53,1,p1
7/20/23 2:24,1,p1
7/20/23 2:28,1,p1
7/20/23 2:32,1,p1
7/20/23 2:37,1,p1
7/20/23 2:49,1,p1
7/20/23 2:53,1,p1
7/20/23 2:59,1,p1
7/20/23 3:05,1,p1
7/20/23 3:12,1,p1
7/20/23 11:42,1,p1
7/20/23 11:57,1,p1
7/20/23 11:58,1,p1
7/20/23 11:58,1,p1
7/20/23 11:59,1,p1
7/20/23 11:59,1,p1
7/20/23 11:59,1,p1
7/20/23 12:00,1,p1
7/20/23 12:00,1,p1
7/20/23 12:00,1,p1
7/20/23 12:02,1,p1
7/20/23 12:06,1,p1
7/20/23 12:08,1,p1
7/20/23 12:11,1,p1
7/20/23 12:18,1,p1
7/20/23 12:46,1,p1
7/20/23 20:11,1,p1
7/21/23 23:56,1,p1